NUP,NDO,NST,NSEA,AST,BUP,BSEA,PP2,chi
0.13794184162271217,-0.1282330538708074,-0.14964947708908088,-0.10127222559518947,2.119381328262958,3.2699675237629062,2.785229551543419,0.10644431965459576,112.8118415459097
0.17511121004235924,-0.15946709761935163,-0.14587837709666704,-0.10718095078243765,2.0131488737435257,3.846039207579224,2.92439823054483,0.12091537446887693,110.24116282599758
0.14198195645417125,-0.13729199845774925,-0.14316843211470165,-0.07052446917365965,2.2164492349524867,4.265373256695192,2.9845198466077343,0.08304061991800579,136.1383460976117
0.16603392888178137,-0.1578070358358386,-0.18280754324637577,-0.12139824550243276,2.4016156138583336,3.2848472198473937,2.9040681481720005,0.12992035114473025,113.71957464120604
0.1518833993473381,-0.1348675062430776,-0.13303665410753004,-0.09872683702855001,1.9218169883321399,3.820769331318952,2.994687552253301,0.09854983645704245,106.12563176841935
0.1299928205288894,-0.13610714714564165,-0.1280728668021402,-0.0834654180899923,1.8990654467278405,3.6049940669321456,2.8276093762262944,0.09752191192361545,112.50733251758113
0.1497252618566271,-0.1455697128204252,-0.14215028110990402,-0.09560190485793897,1.9643930692449236,3.6285392650714856,2.896119825429204,0.10495155398003285,107.02478752393918
0.11032139281229254,-0.13769848400379933,-0.14696848848334904,-0.09166075737949099,2.0722849109847576,2.8517501763639066,2.90871992594008,0.09449401546264717,114.5304715424689
0.11766661228037693,-0.12367148392071349,-0.13500700143501798,-0.06971163929355033,1.9291418522796322,3.9071256608427833,2.9697757817941346,0.07794838492035136,117.20003179205362
0.20428278884503978,-0.1782054760502522,-0.17057119959125844,-0.13164300863838901,2.349712590566969,3.8468282446038926,2.9063923079789786,0.14673324835048307,121.04434067510283
0.12526074373654927,-0.13077700833707603,-0.15771398764751618,-0.09980697188814858,2.3341464801243075,2.9457772835029843,2.7642197924496097,0.10542265111962526,122.6033825291747
0.1481026352480371,-0.13626326514461215,-0.08717135606243281,-0.08905846080005908,1.5022693059798309,3.895661295178238,2.9896078386706284,0.09852463721978351,123.53229609178292
0.11214633314891692,-0.10885948928434783,-0.14211727699587645,-0.06885172694342816,2.137597681062659,4.016751240933166,2.943144176550984,0.07534570803344136,134.41556662864738
0.17347887257017056,-0.13491536686095798,-0.13212076237653836,-0.11186339835770963,1.9660898928666724,3.9173587562560237,2.867792992045521,0.1151590562312409,109.23993651460071
0.10337281306799825,-0.13970527131296528,-0.10743257958914576,-0.0851852750447603,1.6217543510593098,2.965375751505867,2.9032381225627937,0.09428763069197961,120.03065569276038
0.2124158135304038,-0.14870540684732172,-0.12117817692667576,-0.13214160872656677,1.7608291791780035,4.1494979461396175,2.986881134308493,0.13487188689371823,112.21494877330908
0.0977978920792178,-0.13278140952644626,-0.1521218516005508,-0.07726999181391758,2.0777466699557183,3.15291347085929,2.8895305639839775,0.09232932727438378,124.32875532600761
0.1558844940947316,-0.15572405688932262,-0.12328139825094353,-0.11517502939369244,1.9409175783374628,3.322989734918324,3.0622529801457934,0.12145087247257236,115.72054781962503
0.14533584446052322,-0.13063318131208013,-0.19634833133926982,-0.09683551879686775,2.4573955691644946,3.5731089431203893,2.7979685460021964,0.1028456895413957,111.48014767105374
0.13175583269894298,-0.14771727933307344,-0.1510348508966602,-0.09848756399085425,2.060456770735428,3.2840147659349004,2.8867872812187665,0.10022233010972095,108.0911863544295
0.14069747099947877,-0.16418235516877802,-0.11757726619109529,-0.09660091235106025,1.9272884975926972,3.3728803520644943,2.942380287674625,0.11081394301995097,116.5491413031421
0.16288608650628897,-0.12994889900706807,-0.13651361073381568,-0.1084567476693461,1.8892501120856717,3.761974118547468,2.765418981548062,0.1188336730693412,111.02389500660456
0.13494887511422404,-0.14642816477695958,-0.1497323096357397,-0.08608889866648943,2.173473246251898,3.5845432187329984,2.969996051550682,0.09573654599998999,113.31163806043716
0.11173217291374082,-0.14320008429530467,-0.13662580904886137,-0.08834874129700887,1.8722273103995395,2.974463116148783,2.9385720678911142,0.09928112936028774,111.68537715730568
0.20077490885287505,-0.13515888807352314,-0.14592472282051805,-0.12180811912700473,2.133488835465803,4.255617139340026,2.845992458770662,0.11903097516780115,109.61401259623588
0.16009689012562633,-0.14310811614753954,-0.15804043767788012,-0.10116160916954962,2.3729000245891863,3.6959166369430476,2.804984420936768,0.10432121346055677,114.11507221088948
0.18974786138075464,-0.14102404061614518,-0.10775932235068171,-0.11284455853662681,1.71134571794826,4.261034565077281,2.8575368088760134,0.12463301120269026,116.58747488239794
0.2027713396196646,-0.1551695416972224,-0.19930872030013114,-0.12052091564073447,2.578672267080247,4.33310582159961,2.898495385460482,0.12178824745299648,112.14032097124777
0.14147703494166042,-0.12620445378657538,-0.15475645065592689,-0.09315206646040759,2.130389956358152,3.7544465258227655,2.844776605337948,0.1046614996012394,115.16431144212586
0.15651471729877414,-0.14065481926193812,-0.1426689242492499,-0.10129690572828742,2.106670129636526,3.7299189302704283,2.898657837482461,0.11392899658169942,116.29878465175562
0.1517428686246355,-0.12259806509638285,-0.1757728777518779,-0.07703073989533096,2.405624689160417,4.567821743028286,2.7438955742321456,0.07819178864536534,111.69996177048053
0.12142384136873932,-0.14527620562737573,-0.16529703226397238,-0.08745659871719393,2.2099002350679036,3.1105567268887655,2.8952040294240025,0.10221641911299521,115.41449429484742
0.14778359538047323,-0.10860057707561208,-0.17711624855053762,-0.09585485069373925,2.27692990125673,4.05947921011609,2.8726118999515924,0.09123374763959088,112.60056389445651
0.17886744745047542,-0.13356969077411815,-0.14917493738813403,-0.10939078228339902,2.1541899153572,4.104141440321006,2.834098495796645,0.11356220675973455,109.52542670332537
0.1631100090138675,-0.123070173566778,-0.1133072554781725,-0.09996717122964457,1.7643727773692661,3.977075219479248,2.829973602462686,0.10133372097442661,113.47313353427887
0.18057143230157474,-0.11618657430283388,-0.17641255686689764,-0.11152876337753961,2.275315515332383,4.300480675811607,2.9378883783444762,0.10664827243443988,110.19266645319587
0.1282655068160931,-0.1249573778807029,-0.07938931072620793,-0.08106553882949762,1.3128055349634002,3.6274374301639662,2.851265033595135,0.09043224372648731,124.94930848141641
0.16464034556656726,-0.13949294576120078,-0.14930470740270965,-0.11076184416087774,2.0001118511727465,3.7656662320035696,2.9064622383309153,0.11803827332150107,107.62201835364831
0.16764334679535317,-0.1322339813350661,-0.15042937626725095,-0.10555605815402481,2.2069040413723635,3.9942246578145584,3.0045755036570485,0.0940171143370279,110.8326523581635
0.13393888405889467,-0.14669043917419677,-0.11440925424163709,-0.10311101724963694,1.7319969708317795,3.179453127403827,2.9929027747766748,0.11684640885055328,115.97919702679228
0.15770643477677462,-0.1604408252755916,-0.14236310389934087,-0.11020384723412613,2.0501675240298303,3.3837845184900277,2.8355199837563614,0.12585735393690534,111.60487217199196
0.13094270517223944,-0.11942128443705684,-0.12258831709433743,-0.08778221657590415,1.8255677981357414,3.450463007165685,2.7905314571903483,0.0925419373556281,116.99063645958306
0.10478881897587927,-0.10781961049058704,-0.18997845794594728,-0.07276118913979096,2.3762341872932047,3.729320256991461,3.0242520499256513,0.07645528916148658,130.53830101178022
0.13974938420638272,-0.12670745066489836,-0.1300267057526347,-0.09881415562293319,1.868840050134029,3.7273281241220446,3.0130134374807476,0.10982527747243002,118.58918768791624
0.17273868666168646,-0.12870895272326033,-0.1290575649275678,-0.1054517794467858,1.7370126298091457,4.010084085364378,2.764087026422706,0.11343698457692353,109.88505779230825
0.13369171827051174,-0.14282674369279513,-0.1424424107109878,-0.0833249760328237,2.0570662849956767,3.7615226238647224,2.951634142427631,0.0930099942773572,109.71940538850164
0.12664596761615865,-0.11252156814298278,-0.19240097933306238,-0.08769157184185852,2.6587843611822857,3.6716702278324402,2.9429849167486997,0.0829580248768713,129.72542005933843
0.15693223766359132,-0.14480830701870098,-0.12452991004418007,-0.09617706726538802,1.7928808139215153,3.8913797998612742,2.819774359509959,0.11199141071885416,109.35818762837397
0.14648445533647775,-0.13532632052286364,-0.13960540036069263,-0.1007346225200971,1.9758501429181956,3.545634995252279,2.8877026453231895,0.10740177117269126,108.64830818801241
0.15971550237330417,-0.15209163563099432,-0.13585110575151246,-0.10561988871803431,2.100240291349858,3.6574857652961104,2.9326499656849983,0.11507689003711179,113.58183123136021
0.15144495995610185,-0.1560869258934036,-0.10954884916401615,-0.08912140243438259,1.6851135900726435,3.7445224156963266,2.9177750641061784,0.10102233211949799,110.52843293331986
0.14590795610435578,-0.160582516891483,-0.1420853160910439,-0.07284364485803344,1.9933751642148423,4.218248002780467,2.872312046926277,0.09515733456721477,116.92561270698837
0.13710834277538503,-0.13085928090683685,-0.15095877949224437,-0.09506761513581709,2.0313213053747172,3.4626730685745573,2.863295376759966,0.10576474539326204,112.51416148937122
0.1478259274722041,-0.13113001370232116,-0.12411180602928695,-0.1005604392714918,1.8486876190025632,3.5660044147741408,2.8264428386678575,0.11138947730593989,114.17905762374073
0.2032594094289111,-0.15586787290557086,-0.17180815081712744,-0.13989255388190114,2.4137549716444093,3.67786133391103,2.925586930570033,0.14351190434233616,118.70331808822131
0.17654141904664525,-0.13573687120955746,-0.168709695810992,-0.10106104058521526,2.4121611956847073,4.431350025362009,2.8654239264555263,0.10449800440080181,112.03283481081849
0.15628755617319226,-0.13168883689109648,-0.1269206764390756,-0.09264866000418788,1.8106843639014207,3.89172460036709,2.785952225753558,0.10686888391834518,114.27230878699285
0.15453425770449444,-0.13009692760691793,-0.1796966333903234,-0.09160140133613576,2.4229105952072927,3.9980080550013652,2.7960852808126564,0.0907834361219105,108.53032607941819
0.1389288641960053,-0.11471411427799538,-0.18867113118320025,-0.07570774091488078,2.3913767213545234,4.268885411531725,2.862778285240926,0.08573861108567873,128.0039694831098
0.07888859722950281,-0.1132727095841676,-0.11483463980358255,-0.061630336594817745,1.7240522298228267,3.2951734643343307,2.979480914247016,0.06341134590104748,140.25027151870626
0.11953303785955866,-0.12272365387004158,-0.1082686706083483,-0.08352075110203017,1.7419517596349776,3.497370163048084,2.8749494257472623,0.08690397903359738,117.98699516270612
0.12582953715529438,-0.15153149194366822,-0.12191899364889935,-0.09483854107294264,1.769704779445263,2.9910658226003877,2.864151999269227,0.11318308648423345,113.4324413536369
0.14232377059808998,-0.11753225445644686,-0.177437032119048,-0.09430929012248539,2.200403762011955,3.773353608322692,2.8335536498473317,0.0945581256588158,109.77849729499081
0.15231904646504965,-0.14929575178982032,-0.12473027489167597,-0.10944282415581301,1.8445950142016592,3.368551055988843,2.899108239541649,0.1201128778143266,110.28181125173808
0.15194980447611245,-0.14108346505038674,-0.13950970385759376,-0.08605961951302554,2.0361585341804798,4.130910496027355,2.892056381846968,0.0982456142056688,110.93782490869154
0.12348864151660235,-0.12899154471634489,-0.1435528421874219,-0.08448549623814179,2.09521066067298,3.639606578180137,2.829057320601954,0.09787547063261598,118.42378650909428
0.1495235220818022,-0.12637960923064392,-0.11632377568814162,-0.07295875237892734,1.8596132840685549,4.4711411558298355,2.7793895257699854,0.08694442477359267,125.1766351004986
0.18661733028552627,-0.14266233353773972,-0.1867267765080541,-0.10758820013953356,2.4824311204320044,4.277098544126794,2.904205702399313,0.11243022156223603,110.66445116457852
0.17741613359196268,-0.13920029152541089,-0.16561418083738463,-0.11634454279713147,2.2968076995636184,3.915087188901546,2.97350451320559,0.11912650197294736,111.23080321317477
0.1567654525984794,-0.1356412892759804,-0.15620080661208813,-0.0966941714266486,2.1665679781646383,3.997249505991636,2.893926252715715,0.1030887287832909,107.76020261935386
0.1251152321494161,-0.11203626939234704,-0.14254336096443043,-0.06847088011049499,2.088659220350193,3.9996027962312404,2.7948916864371105,0.06991660122770808,126.31178526752511
0.14769330328766483,-0.1354679830397052,-0.14547080729962258,-0.10989165306536856,2.1354117875230916,3.303243238419122,2.878609316150847,0.10918152306028701,111.69355942862205
0.15287136548327132,-0.10673257544772814,-0.16696528034564787,-0.09173084904216093,2.3788317959483534,4.233247697468709,2.823094169788897,0.09539822976519854,127.29513645549255
0.08014471599768909,-0.10911464049519994,-0.12833774564678518,-0.08603349971837226,1.8160168590651946,2.8092072755840287,2.9965416880668454,0.09896211447682766,166.5337365370405
0.17166205752063882,-0.16174319175158294,-0.12236750451102882,-0.10359066899120199,1.834521882792119,3.83586776157786,2.9166398629793373,0.1260658553896884,118.7683397961176
0.13839347008203215,-0.12438201153931805,-0.1317179638300857,-0.08526631385056371,1.8660847131453946,3.653291794636573,2.921330267998171,0.09335216450440242,123.14929220781485
0.1382617973723841,-0.12922745244444048,-0.17772220370010522,-0.09197663016259999,2.2635480852290444,3.6428184861597486,2.9171732471618057,0.09555093337993766,109.52236303331658
0.18058662134459694,-0.1613715080770662,-0.20310057925601555,-0.11906335185553132,2.57260729177947,3.7657994066142475,2.9484297443176546,0.13483865310349535,119.47768743133469
0.17988892874084295,-0.13968813816310222,-0.1532069733041183,-0.11102034373888477,2.09996145116867,3.8103378792628244,2.85812316161727,0.1125743936009826,110.57593434863497
0.14055333161082748,-0.12730738385954843,-0.13688994428305962,-0.08359037505551521,2.0362959868003774,3.761198745946396,2.738258696228921,0.09755741693060305,121.03369085173435
0.1671113003804371,-0.14979639201091277,-0.1482516038621817,-0.10428080453986655,1.9420599229211433,3.6513868931793216,2.815221171994737,0.1213205607435186,113.8331439533292
0.15189050607617616,-0.13966299654325967,-0.13048441018581763,-0.1076521684429064,2.035848487547909,3.64846702848206,2.9057788765771546,0.11906285473778751,118.96193231839861
0.17695964196879732,-0.1416256053856947,-0.16244294295865142,-0.10222616140413854,2.197897335207159,4.133003967898778,2.8664802250880808,0.11220289893571511,110.51585554507223
0.17322284981899955,-0.14394032440779395,-0.09682955247558721,-0.10019307595111845,1.634241421617733,4.313316986072087,2.840419461906588,0.11550376451918974,119.93303178434539
0.14971166134711353,-0.13430883740907876,-0.10270292348855253,-0.08642628936083188,1.6068411704735464,4.033104429912166,2.885100151577559,0.1038803152201367,120.40226594401419
0.12153158284770373,-0.11555388624928092,-0.12284829356628099,-0.08579808313797319,1.768080855897351,3.5877319216520274,2.898838960741857,0.09804750948194581,123.65736923990818
0.13840876810806904,-0.12923122122973568,-0.12906711981678975,-0.08917767551526927,1.9449681120143116,3.613960994746448,2.8583329190334745,0.08963094000037167,111.15377866384438
0.11222487524950886,-0.1281050031136339,-0.12739644828955807,-0.08762522712693135,1.7184457620087956,3.02147299505482,2.9070714478483803,0.09918916727031706,116.87468011687751
0.10746294868247784,-0.1379014784140103,-0.14840175645203815,-0.07861690523934362,2.2182959205494193,3.320004226439524,2.865912058516041,0.08671669511822808,121.2724348938869
0.11465102160031626,-0.1074520953927534,-0.19085990346800003,-0.07840018850822336,2.4768068444821356,3.77142893270408,2.864597774261939,0.08085711492168163,126.34407624943957
0.14703488180233637,-0.11817614650767078,-0.16737392515688365,-0.08220433441218963,2.1992088453657286,4.344262579470952,2.926890996810243,0.09136052555733915,119.49789146093366
0.16267874329845428,-0.12948091344291515,-0.17056993388914476,-0.10203842622120034,2.294553203491141,4.247902416830284,2.8586382230755762,0.11167311629091714,114.96726636853101
0.18775719914021524,-0.13859636454892543,-0.15159799400513393,-0.11251893391059045,2.105148714858214,4.267143457180988,2.9362837356085287,0.12421406383524783,114.70759965034767
0.18393001572678394,-0.13041819278760697,-0.10894115659712425,-0.11452782449253174,1.713121516991149,3.8795736935744958,2.852233085971984,0.11364123303950747,116.68564680757044
0.13002091360814355,-0.1441026332859537,-0.10717595609844877,-0.08672539928148129,1.6935070366314129,3.7054855062325056,3.0692911261768554,0.09577784944911517,112.9986124710426
0.12411029784574842,-0.13281162199741714,-0.1289370395069155,-0.07884426836320396,1.9659074234256928,3.6045358537235166,2.7641251941087868,0.09330896959297563,115.81975332336799
0.1687882815802449,-0.14740589847301308,-0.15753841273461225,-0.10357555733725772,2.036115246016245,3.9591684519104997,2.8288035858798857,0.12029963407010505,111.21474613381375
0.10751522227962221,-0.12289888727594217,-0.10443420165225659,-0.07138256066584804,1.6203298816711555,3.4163648875583945,2.840203504910729,0.08471896652549711,122.79787928253401
0.10980921344870656,-0.11004595175368642,-0.14592934567631718,-0.056050846283209534,2.0742670360277335,4.308448253126276,2.902532534060269,0.06580804413150836,137.00187135342483
0.1069008714067791,-0.1326768756308632,-0.12685296512704256,-0.0788610556107576,1.8117515618184357,3.458539243495502,3.0758630247527146,0.09462703087638687,122.878997373072
0.193856992555697,-0.12403952101695262,-0.14573795454089816,-0.1179190900164665,1.98759223264614,4.37558426202021,2.933368922003014,0.11887541117305246,110.93954212083034
0.14250122689730305,-0.1416042503459868,-0.14742285420971438,-0.0909510734383339,1.93361794839846,3.678643449111448,2.897786800523519,0.10068084598648706,106.2949713835726
0.15699495558329984,-0.14231306587712556,-0.1464302698426393,-0.10160130268958863,2.0516885215919265,3.8098614954914645,2.9578393609606004,0.11216053506977769,109.99999054462083
0.12966032019947163,-0.13422970946606194,-0.20629015243107385,-0.07654182871218508,2.579013328590679,3.785157333355584,2.812568198866407,0.08459074027424306,115.49888095482189
0.12744695569002695,-0.1299765908181754,-0.1209374869332549,-0.08368328152150581,1.830281664699151,3.7531021586005995,2.9619539199485483,0.0906961487462917,112.59138264880562
0.15275717161598817,-0.1402377422911114,-0.15592154514805923,-0.1102963701156375,2.1502418828361427,3.2574458561490296,2.801934537682892,0.11654446466217744,110.95010206687631
0.136674968124827,-0.14056777206025362,-0.1277960664813593,-0.07756164901165329,1.7769840065067999,3.74519608750018,2.7831159470139806,0.09697592426891448,115.34562091040951
0.18214141486343813,-0.1477664934789647,-0.10651681219738146,-0.09958970329719549,1.7949716043368804,4.429564294212858,2.9249346853347773,0.10920179666808741,116.4632650170389
0.12735905756695964,-0.13508813511857357,-0.1782565840766956,-0.07862194303163551,2.367096857332021,3.5983632798319323,2.947172019287918,0.0844334367555386,117.83468057696399
0.14541361827757113,-0.11544197865215802,-0.1661221543389903,-0.09324019001333904,2.2609097449075235,4.307805514969566,2.894398705694247,0.09882631123510971,120.01096612702506
0.18751720320356802,-0.12931239029694316,-0.09872542408201386,-0.12975113261472376,1.6640361340737329,3.712592999962417,2.872803935522258,0.13817157002662117,132.82959670449193
0.12393355915243645,-0.1520270079759741,-0.18355026790316453,-0.09737600945355142,2.418332051622763,3.021534223621013,2.9211599657274805,0.11157247086131669,117.46282727628108
0.1221135983299428,-0.11841086180573619,-0.19102981524258245,-0.07570200455794265,2.4512331677295456,4.039334345954769,2.9393614748577668,0.079223916011135,118.6017518771572
0.1258285681354114,-0.12171556345342194,-0.16321006326362297,-0.08813865575625489,2.1483995965418865,3.7894572617077724,2.984494571083296,0.09494407273917387,116.45697268100005
0.13492236433501315,-0.1344464477163731,-0.14467136623254168,-0.08928635792249846,2.056286055280198,3.5341094394566652,2.8290688495811445,0.10134571851170214,112.51018388904528
0.1557164851617781,-0.1508915435015743,-0.1487992631543493,-0.09324842498430823,2.1337092463912386,3.793035768309573,2.9394342106052247,0.1017296889593323,110.76274318564187
0.12991248980854414,-0.1252962781773817,-0.13173387303829215,-0.09637047956341065,1.9431536036973283,3.3985476538040458,2.8919075951809976,0.10657913492054252,119.35825618295212
0.18051057103593593,-0.16174636052381502,-0.16231384078363273,-0.12222012475631584,2.2595925031690096,3.557581966592646,2.879837263972164,0.1282540090710229,110.28296749743286
0.18367116544616732,-0.1475129581935431,-0.1700358023530301,-0.09840534521310162,2.4198055261960203,4.37081617351115,2.8967784621027395,0.10161740810751088,112.50742700150136
0.11676137503021444,-0.1426762503722626,-0.12302128780335195,-0.07253937588430427,1.7928080374744078,3.674571522443046,2.886294653795524,0.08926636373827038,112.65220707351583
0.1233397999353551,-0.0934649049847291,-0.18581455276171333,-0.07842177912674134,2.426684163204417,3.985591956340423,2.807340440098185,0.0801680922911713,136.51514583364172
0.17987368606026916,-0.1139820789859555,-0.18529396088506955,-0.10901935296931485,2.395492054069734,4.467699292376343,2.955957894221132,0.10503118835459781,112.87675108768812
0.13960696427945044,-0.11337049598736415,-0.12813273902710676,-0.09427003089825028,1.8021100484497814,3.7089015445515368,2.9104709327862586,0.10177640606555854,121.52534291488519
0.14010134766749452,-0.11312777438827896,-0.12505318638079224,-0.07116538547556964,1.8412212669055932,4.494223601489917,2.893809455240004,0.08520338676790264,133.37367184706642
0.18711685144919382,-0.13005043431059518,-0.14343539937094668,-0.11232931291252735,2.199298383880486,4.502496225946979,2.9168691753048135,0.11580760877612818,118.3092741784742
0.09959852541134204,-0.13737514950100818,-0.13546703310369476,-0.050891957355239215,1.759243254841042,3.9217025520879467,2.9226089442647063,0.06146537097658344,120.25505637627987
0.1750343928153728,-0.14790332018368796,-0.10306494693544685,-0.10093483819998039,1.6340621339908508,4.184429762498978,2.937249887939219,0.10431238573685318,109.38775567091301
0.13167408307860823,-0.11419199341746819,-0.21808923820401932,-0.08907252909636668,2.6992863452502824,3.8362713266481214,2.860518512975374,0.08635939865621359,118.68974419140415
0.09621128353107486,-0.10912240769184516,-0.13382420461772765,-0.05838844865521417,1.7432064268451384,3.5485528322697975,2.7791589991333905,0.06566786708180217,125.61465473018353
0.10857946868427223,-0.10703214979593667,-0.12167755224122476,-0.08501883682984843,1.723007444447914,3.22578712078318,2.939914694328345,0.08966393659111227,127.92626787614356
0.1129387309223838,-0.1210241483605114,-0.10843584730504763,-0.07485924556567913,1.554485199735515,3.7286791192279285,2.8166812930949017,0.09203827991321739,122.09859793468075
0.16781395644607225,-0.15087586086805588,-0.1488055134787982,-0.12154039044333172,1.9808827714429862,3.2454476501954397,2.864521280421716,0.12482940058406762,110.15049165767378
0.16191233280239495,-0.15259430715555444,-0.0825671053419363,-0.1031846499979642,1.6101144022442184,3.511922319854161,2.739189340704385,0.11376270542431707,129.51967584721194
0.12577207690125694,-0.1268999187029696,-0.1628356826600347,-0.0903527586108922,2.278632887013925,3.4398014133807853,2.9240457939155604,0.08814185499227911,112.94266899077351
0.1674920702754537,-0.12724352895689922,-0.22403045448629938,-0.10254066926914868,2.7819391621969194,4.102891861007255,2.9087548883998235,0.10072257862250057,114.79745034845931
0.16500186666080066,-0.1389363391226968,-0.0964143696607632,-0.11155461403838307,1.5720754572338196,3.617880739586779,2.8520888313291155,0.11649608638222357,114.74557541185769
0.1736935467339293,-0.14072694286581489,-0.10714659386043743,-0.09647648199270024,1.732891303583228,4.430552742719558,2.849386095104689,0.10594837459267115,112.95076127573917
0.1213157278289724,-0.114698881530028,-0.12473452530468442,-0.07648493446833088,1.8206775406809377,3.8591326232808583,2.9302921896490703,0.07844259443122495,115.8335466689731
0.149556544938308,-0.14112812388942134,-0.1552174673239643,-0.09572165263131581,2.1106121645914104,3.661405455536792,2.7328971667735074,0.11166761031174184,109.78929725333074
0.1590278286314488,-0.13959638225969742,-0.13208332395934222,-0.0920183771696469,1.966564953845569,3.960215502862491,2.848260290718987,0.09653749704668027,108.46636772111749
0.2079363623213085,-0.15952771031395435,-0.18169780656509465,-0.11723514020830098,2.490231334986272,4.362492203590536,2.81512400943928,0.1295231478835343,117.6193270829715
0.15198886551682356,-0.12640602628342634,-0.14663918523887987,-0.09965408988482444,1.99588511786971,3.8033024398917354,2.845494427004245,0.09778297229504487,105.44329871637706
0.13764131511317038,-0.12468916805185422,-0.12203367201420212,-0.09069779867167663,1.711992480544129,3.7085644445395394,2.877396663956975,0.09134607655990148,108.21728447782662
0.15022157952807638,-0.14779048306569406,-0.1210856442186578,-0.10016357340731372,1.8120736596628715,3.5290208904486007,2.8775070821810496,0.11926830093485785,116.56053671328263
0.18358265836325918,-0.12287341854675854,-0.13532660323112886,-0.09799159385143894,1.897063601809449,4.961698219717308,3.0302514218551133,0.10217601768364562,112.39178709560527
0.24290318602303995,-0.15958987359078813,-0.15003265650052505,-0.1478131111819019,2.273301746746193,4.4763866102869425,2.8885168990680583,0.15164407902242732,129.78034075276594
0.1296715801148206,-0.12356012193840282,-0.22684627157909015,-0.09280637234234108,2.81519412084031,3.591160344582723,2.8447414951164816,0.09682485599031342,122.63043752571019
0.1389143740706325,-0.14457077433285706,-0.1289024610547133,-0.08943818784264021,1.8884459467435426,3.6300398003472236,2.905036105150187,0.1064308823717999,113.36879455759497
0.1565304329874925,-0.13555652180590436,-0.1876337596881653,-0.09921461127037802,2.5138765785637505,3.995677215494329,2.9601685512381857,0.10904948239777934,118.46720465148177
0.17684612416753467,-0.146680622963557,-0.20733961062699136,-0.09471388374375833,2.7149294392670993,4.58376439550359,2.8778454398731528,0.10949155673016557,121.77277328753942
0.15676271158251473,-0.1364475890220731,-0.13086040745004943,-0.08083581531761098,1.7840223696113262,4.526017955503919,2.980816061339485,0.09556495427361511,113.36181243020388
0.16236208592813867,-0.14287429934375098,-0.1839425898781872,-0.11376720052739814,2.4876095229126554,3.641807442542187,2.8702574368974227,0.12355214167503915,116.30593375179878
0.16375787518904356,-0.15209366995600318,-0.15532987107111274,-0.10972579530965224,2.07048161713654,3.5697887875321856,2.994954270837934,0.12081563621571932,112.00669375730321
0.1578797671245734,-0.12749335917402743,-0.12664729039602032,-0.09843261830503211,1.7786407976957808,3.8897965594540285,2.8248260117918185,0.11052098356858707,113.68190999061873
0.1477847219060814,-0.14321462166805302,-0.12121361688365871,-0.09300308796524895,1.7348577107146044,3.579467733902764,2.824795547230821,0.10333823193975394,107.96835999106536
0.1293735994211,-0.12431895265961078,-0.08525831562060152,-0.0879939138346967,1.444732509604542,3.571066144553202,2.9320981969047666,0.09229846004542822,123.67071728283832
0.09449286833677051,-0.12081751760118442,-0.11319989478248235,-0.06228074482424083,1.6771601521361799,3.6588728877917345,3.0358035471700546,0.07161859492134791,124.96662029210557
0.1890586503756918,-0.14341585277184013,-0.2036613335014113,-0.10680990630281918,2.6278602842555614,4.247264889637204,2.8754277254032377,0.11434163799614876,115.8154152092805
0.15756235744694078,-0.13552466797670396,-0.1333367184143013,-0.11332693768713498,1.9271138299634347,3.5486375857977084,2.8658973818640243,0.12054395288740898,111.54967194411438
0.18006289614295864,-0.1307039441868476,-0.14662315176384427,-0.11558033780071861,2.207692725539479,3.9989061802911183,2.891928552750583,0.12179571958477714,119.79172584809452
0.10730335040963218,-0.1170626693953663,-0.10809839105619762,-0.08261966719352506,1.6070818483266829,3.236389789786089,2.911274694168825,0.08268193985121666,120.38841005608106
0.15578153191347988,-0.13374870720857468,-0.11316902538271312,-0.09966235555938685,1.6276100788894163,3.838762387577349,2.8151893740174145,0.10209574994781878,107.13293994550983
0.1110707066898774,-0.11894045180611681,-0.1433690034070241,-0.07148725312512841,2.0127919778358425,3.7857859486204237,2.7806605411528085,0.08575531302058888,121.52415217207293
0.13642508597724914,-0.129708676684516,-0.11086274166359755,-0.09089848997281377,1.803287974955742,3.6594092053891085,2.969434131423022,0.09432199031640792,116.95244757311568
0.1412250793129788,-0.10790422638906375,-0.12954836094914413,-0.09912307052039897,2.000291365668364,3.7866178754614146,2.9512715414892474,0.09672362270087863,125.23543235805838
0.1158483937453258,-0.12695168964700151,-0.1885493349819048,-0.07230280504003252,2.395322555938917,3.8976417569773103,2.910026812397051,0.08577163972964164,122.65730053983037
0.18224946127545968,-0.13750544237355503,-0.11804902315249018,-0.10570299574087873,1.9284965376320125,4.270779469337776,2.899348471088972,0.11243718444321132,116.48216186730329
0.12776164214519783,-0.14192950463863785,-0.15713290988601897,-0.09109405136406203,2.108886092501479,3.4525635062193087,2.9296284170894404,0.10594289113733937,113.12558508495556
0.21892059753968005,-0.1643784824438281,-0.1512153683178602,-0.11130126808869863,2.216493963608445,4.537938575943862,2.7743367748740257,0.12544696504031966,119.36716232269576
0.09101424037320488,-0.11224869271001824,-0.16758581983135143,-0.08219961460955588,2.2642658549228667,2.904246803388895,2.975457049885404,0.08267960655429402,136.08764108172062
0.19341716272497844,-0.13823563081427803,-0.13716680872703926,-0.12220446166613805,2.021908859272066,3.8350922687756013,2.935141106000943,0.13251644191416573,128.051372240525
0.11994814534436062,-0.12215664794152903,-0.16224823847299624,-0.09249122436472916,2.166741358965544,3.3357603674278096,2.97584413519982,0.08975165790714405,113.80161130001346
0.18250413182935504,-0.14026358613645487,-0.12992598157151522,-0.10358138137553048,1.9189021565883166,4.454347074995314,2.979167205516232,0.10926251061416781,108.5507333063655
0.13814853200619337,-0.1349565296231058,-0.14417122962747883,-0.10026255541764256,2.0397607460836658,3.4559770166052823,2.944051697833073,0.10743263151715918,111.24772397848774
0.1730572963474203,-0.1498176067516464,-0.10547649665527589,-0.10817325210492833,1.706801525181331,3.821244154448508,2.9299309224762333,0.12293629403173971,119.46170051925118
0.15823481032570064,-0.14674147919061376,-0.18100984638952416,-0.10526200230622806,2.304106278143294,3.6777254783495943,2.86007088545092,0.11589543052073556,108.50143228812377
0.14656981024428561,-0.1332346590848019,-0.10418869079545134,-0.09731468441851769,1.6463259503387222,3.5810819047984803,2.79381055312669,0.11413415879617816,120.38377490188222
0.14696323856683766,-0.12760644892386952,-0.2086715447951412,-0.08651919312144378,2.611847364805961,4.123783334455368,2.830772483355142,0.09673421488984461,117.66420153938776
0.14750566462706535,-0.1457923188860769,-0.17642163657430246,-0.10020469004673847,2.2490379649897454,3.717112026595464,3.0150251046325134,0.11374300680927894,113.01639574032299
0.1626643969061624,-0.14535919019231758,-0.18077196841032853,-0.10368043968246393,2.5705692127037,3.9146184670371404,2.97854713003733,0.11425497379318494,122.47054136061863
0.14119391270292664,-0.14481829922886322,-0.14008260915960555,-0.10548325239787623,2.0181977327005876,3.252930970248588,2.967913268904721,0.11617600939510644,114.04436481016117
0.1431489273579429,-0.12148817654747733,-0.14390377780595437,-0.07791913893878634,1.9178765696129707,4.239436613224784,2.823916051238437,0.08889274690886609,114.49269023678411
0.0988242553571681,-0.11760108196023873,-0.11983788427051065,-0.06903607262913287,1.8047487790246861,3.5783948905698626,2.991295141727071,0.08054113585919542,129.5386228285276
0.06711705649648228,-0.10943924195613473,-0.09189250181887718,-0.054774018053518725,1.409597598222256,3.1809944499416525,2.87966858861414,0.07406617343847129,163.81202876128287
0.2070578025640263,-0.16905105130266768,-0.12784500014778083,-0.12357637358741509,1.9016423965875404,4.149243772028637,2.906241171930708,0.13490736056426883,115.4394737995185
0.13779086644863267,-0.14442576407914093,-0.15127149833959744,-0.0807215939341073,2.073551420387593,3.8005740208341576,2.840837946996373,0.10424036209660772,120.45544256702847
0.20095066829394292,-0.12529982660922792,-0.16914907955649294,-0.12999746591612765,2.351902378176996,4.19971087950052,2.8690752896544107,0.12137777940235991,112.63247729925018
0.1469290045468761,-0.14405940809876064,-0.1342896105249954,-0.09893831909675048,2.0208141710880905,3.730909384669035,2.991620844273594,0.11828567018183489,123.28196139402826
0.1076891361025556,-0.11873665167664066,-0.18816900631125888,-0.06836764423360824,2.444288996276427,3.7888745355142888,2.832757152060987,0.0767241278993752,123.83983623454554
0.14061677527911043,-0.14456145448202778,-0.13747650890866225,-0.09738024527979809,2.121168385366444,3.5081862014783236,2.9254324607578144,0.10099257874213514,111.62217414998923
0.11646327847346571,-0.11058465276761671,-0.10916041268385115,-0.07668426131818448,1.605885446057877,3.5389684288399237,2.7323818968265954,0.0836783756946383,119.8592912691552
0.15208000783109465,-0.13291110868878891,-0.12973883610079187,-0.08847589023936832,1.9864119191870568,3.9878756761960354,2.8604829989238674,0.0939501351208697,112.37119767742232
0.13455452128712575,-0.13059181780317988,-0.13763901388359953,-0.07984342973108043,2.107359940568612,4.0443877088871005,2.9072184761386466,0.08812399759399202,116.6510171774398
0.17427089807225082,-0.14626778223241851,-0.16805090661512892,-0.10664218536425434,2.3496351462848075,4.114177031123504,2.9933877853288906,0.11150382600825534,110.29961535276895
0.15069369742021446,-0.13090036661294335,-0.17599048530484096,-0.09433136295938072,2.3302271830930614,4.04929138911041,2.9066198563943026,0.09995482420638449,109.4273592477639
0.16085006206719374,-0.12696311372517616,-0.1720355866959032,-0.09902965172000042,2.5586901645309155,4.231659484498488,2.9490259554691827,0.10024973247408905,122.91695316932368
0.15821325385237853,-0.1383258970068544,-0.09164291716358242,-0.0944378131033667,1.6925303725628016,4.010144413588965,2.795450839727361,0.10353713923998369,123.48034819919806
0.1679326033874875,-0.11357921365536665,-0.18422050471108237,-0.10199480132239055,2.287399682844089,4.343005875957287,2.751511800258214,0.10789991150054917,114.46956257047822
0.16548824217862057,-0.13507279865368813,-0.13477318340045333,-0.10062504660081265,1.974869021943999,3.9800039536834704,2.950433457966785,0.10152991540909856,108.52688452150592
0.15738478486340016,-0.15011068744618766,-0.14835196262616296,-0.11137138804018072,2.053260419636091,3.523113810812476,2.9915726792401767,0.11531287173409385,106.08812347527007
0.16601274205902913,-0.13726346443472642,-0.14289399230892846,-0.11592937368634722,1.8449460864634089,3.7539817734360144,2.88085126997879,0.11818011903390993,109.34720760526685
0.18533348289241858,-0.14656180161989346,-0.18230053560738774,-0.11759813762777659,2.3941133812966875,4.11267610333673,2.895708787627022,0.1273607209680252,113.22655954054505
0.12363345997409905,-0.13606567549741094,-0.1701240303462143,-0.07782575680616119,2.182688386044158,3.725955966553979,3.0283008340713704,0.09015898560315945,115.90423879217222
0.11966306524094414,-0.13403781125894912,-0.12496667309072192,-0.07118946093623112,1.9920018620702742,3.830517097376832,2.8738316709108735,0.08270576540577303,120.21863406496925
0.15834177256122722,-0.1387584189365546,-0.1859911855674923,-0.09779273411303188,2.650449971209088,4.342402937336521,2.983180213459077,0.10566154478510373,125.91279809809984
0.16319162718610522,-0.12673019816799494,-0.11823429815444689,-0.11149927182178036,1.8826538620056832,3.7397815492125113,2.9502986191057468,0.11759087410521318,123.43891144434156
0.17627288389365856,-0.1479454508521017,-0.12471226052231285,-0.09089995618439377,1.9656145731900394,4.481580815757031,2.9439738628785714,0.10802321030137933,121.6136840962561
0.131391867620784,-0.15193297551588242,-0.1661403714374367,-0.08576080621537094,2.2345153366047206,3.3866578498126256,2.929458546191587,0.10360534459683121,117.40544425986198
0.12990845121207933,-0.14157233481893272,-0.1532669903032182,-0.09205693976711035,2.141155600492703,3.4169142127454775,2.8710366324863466,0.1029614016152275,110.2949888371706
0.12940951336081954,-0.11991567816349004,-0.09980389929265596,-0.07728244258509631,1.6047126004202519,3.9514385226596374,2.839427750117937,0.08935908435727882,123.36472793801295
0.12332355718138309,-0.15117008539107926,-0.15961376796501137,-0.09521685207990237,1.9883723310088133,3.0152079908266534,2.9286374998717957,0.10911354368611118,111.7599820765748
0.1066368907405491,-0.13227642136797116,-0.14775197606730128,-0.07753671243300744,1.8908851532647066,3.300803462132254,2.9038756286400242,0.09124678684840457,115.60910022174531
0.13425033665378847,-0.1099490437318203,-0.14541724415644885,-0.10126761717324005,2.124397960027721,3.529751870998804,2.868178093906535,0.09852239682791089,121.43148490176858
0.155544857585407,-0.1451023367534209,-0.1246069133248393,-0.11319897100281523,1.9255466721990118,3.32483075286732,2.9218007227547305,0.11664096919047395,112.64962876841841
0.1431988608768235,-0.12579628662996917,-0.16267695746700409,-0.07848995471483067,2.196741456967185,4.053768285743209,2.7806706529177916,0.08591471373131411,114.57066056766705
0.13018002578381785,-0.13637529676976215,-0.18471551962179297,-0.09032228866842314,2.5579042033509753,3.513958619647913,2.8901749140811135,0.09119302187614126,115.48935701396115
0.12560742115741064,-0.12733925257051734,-0.15929473253586068,-0.0887555090799638,2.180166517381798,3.3516162371872817,2.796110983542834,0.10066987186839109,116.55238809410588
0.18389711263247951,-0.1116660631095009,-0.1791909525696845,-0.10892909782070066,2.490059683340359,4.647056586737449,2.9046772341477087,0.10475625568392288,119.36630404912641
0.15342670167613637,-0.1197398630449351,-0.13760735243526914,-0.08979721870203378,2.0571021756248014,4.378607066162378,2.9417191091163564,0.09578512654899173,117.32459085304609
0.10901002531737397,-0.11120361384620057,-0.07088651244368287,-0.06940412957210898,1.2183505410951945,3.8082988583259256,2.90745178095816,0.07667471976779969,140.31077174159697
0.17204324340479454,-0.14359503090600526,-0.175420297320205,-0.11788931212719711,2.455741043026508,3.713941176182205,2.83870266312681,0.11508876638008445,110.3671522942033
0.16881908235150678,-0.13990103989341438,-0.17099935919799397,-0.08459995841916469,2.290588612667168,4.575352932079,2.946811712127815,0.09175553399848119,111.98116151233953
0.13744890793858539,-0.12240407684855467,-0.11739590717627371,-0.08391023310064125,1.8879731214394193,4.230771127498194,2.979181666132775,0.09912733317146956,131.65447635678328
0.16732315917320903,-0.13571564707065104,-0.14553422177696812,-0.09392687215431603,2.059974577462358,4.272106979850582,2.8717498243875617,0.11495818696017389,123.7406306020282
0.1281659501259209,-0.11662973633747531,-0.086211126729599,-0.08978108526491278,1.4464859995655064,3.6916913424433626,2.906601336743349,0.10036749103150136,132.0732461065483
0.17795196318488532,-0.15570581327828031,-0.1644994741027923,-0.10713844076170875,2.405350794629316,4.028717928890639,2.873041762639961,0.11518111868342198,113.62497417730725
0.15689276989085454,-0.12411909013023596,-0.14759711423353278,-0.07627703344123317,2.174490345778091,4.635820440435844,2.851511582993789,0.0786228849918888,116.64696514509362
0.17242144757545075,-0.13323762993676516,-0.17468775451975277,-0.10344449586112849,2.361874277669001,4.221698516655503,2.9118021294184593,0.10910397356195756,110.95124027883196
0.19646318818232406,-0.14347287838273037,-0.1597356779975148,-0.11835785194971205,2.1195030191439774,4.084674840052705,2.7169216176035964,0.12422397099521311,108.64129678125205
0.14795219810684415,-0.14811691566075944,-0.14051101126185794,-0.09841161502605415,1.8240049882150282,3.7309760623209662,3.0665229096706987,0.11183390291133061,110.42556416538386
0.16520865676284446,-0.14367946400708742,-0.16849036275242565,-0.1108166719803279,2.267188954010496,3.513617436904349,2.7373733623979755,0.11343342094237335,106.3170891575749
0.15700225165707118,-0.12719775498157684,-0.14432798543350536,-0.09774486949978477,1.993365475169424,4.111557489186719,2.9077963675229457,0.10830269746360591,112.7452191855747
0.15514119089686373,-0.1370315538823258,-0.18952801280558032,-0.09036243169810233,2.482913545552085,4.068650167119128,2.8213127902241797,0.104057797734872,116.17485182255518
0.12674518881210398,-0.1321500597940735,-0.1844053105342632,-0.0825722533130898,2.394723293316372,3.723125087030217,2.9086103875957803,0.09156349010005572,114.12645510769772
0.13909474331263327,-0.12754182210661613,-0.11303668466537056,-0.08263256163161214,1.649401998724605,3.8974508852538174,2.8356377151895247,0.09724393088989342,115.84771332521868
0.12953033303339928,-0.1067057452440872,-0.13525461093283686,-0.08324724329174454,1.9775203204487155,4.209379364585718,3.0282890748706746,0.08197894202047244,121.53674980111109
0.18016405508346378,-0.14376394433871537,-0.1540214866645199,-0.08724893039583428,2.179186393676317,4.839262420008683,2.8423338384353376,0.09621163097267188,110.48380907124545
0.15378171597751508,-0.14834742001045959,-0.18656301446198106,-0.09207325737800486,2.4023195982202163,3.7529562769224283,2.9893939008645156,0.10640014589645924,122.82123528774477
0.15610905002854883,-0.13535450378025649,-0.11892997395895732,-0.07800581253635232,1.6804871286126906,4.646317070496799,2.9603050026239517,0.08366041235679174,108.65430724173854
0.13001189815507835,-0.12118892569165207,-0.16122880929181718,-0.0902334172514004,2.270526280755552,3.491026338637199,2.8101712189522314,0.09693806277250744,118.65150421958006
0.10684511818546015,-0.1226483314151379,-0.15119065859941944,-0.08598057193106781,2.0981554885402645,3.018508042400538,2.9444236682135645,0.09055678997310862,120.39137015481575
0.15666303694678535,-0.1413867520718425,-0.22127067408464485,-0.10117784465400706,2.8297614001157294,3.798304749313038,2.885524784223668,0.11326965578776985,123.87275863206114
0.14438466196867475,-0.1342705275557743,-0.1904879030561173,-0.09765384984723875,2.427683353256622,3.8801111066430853,2.985497025150704,0.1109179855994905,119.74801592685647
0.14877646767020042,-0.14245207212641647,-0.1514841240543498,-0.08819615982896997,2.0789756118844642,3.8452626460720456,2.9029514511757646,0.09836943709962519,109.4477439596503
0.18207953553239348,-0.14543202427573565,-0.12396735570476719,-0.10511661630820616,1.762055413885165,4.212599178776614,2.983427994343162,0.10981472520165962,107.0876750439814
0.12437093538450192,-0.11287832982510829,-0.1195492572537509,-0.07391803714630313,1.7389919412893025,3.9129511562055757,2.8156895557635133,0.08291137439681061,120.56775896740572
0.1556004990420905,-0.1360492999479911,-0.171281440811972,-0.09315936494755454,2.4284735320323367,4.050327948563246,2.907335530355925,0.09315911056694741,111.13452860972825
0.17281136274089215,-0.1277506903332125,-0.14699816736603102,-0.0942932964005555,2.1918934333775453,4.446453501951318,2.7637558458445968,0.10465214716146366,116.26928216022311
0.06330837615123507,-0.13373854229595647,-0.10750220945764899,-0.06512176696212577,1.5987577070997876,2.7817109979655865,3.083605511955638,0.08306391779604394,179.71423903534577
0.15633295151996032,-0.11196220031949879,-0.15992489557671646,-0.09232372116320543,2.227331757149585,4.444264992173528,2.789459716680314,0.09459674702362093,114.51397216363186
0.18302793153503777,-0.13533827086375144,-0.20091104055767697,-0.10789256613724628,2.5055269951062393,4.254568383271909,2.8597543603819533,0.11714690684445671,113.53758239723595
0.13376430368471742,-0.13941094765617718,-0.13176402343716867,-0.072863613797148,1.9157343310255028,4.103693691997493,2.973449971132906,0.09037994902860125,119.1518214875064
0.14165892207565015,-0.10957227834457692,-0.16855572956310433,-0.10181364728810517,2.167136980253857,3.5288679729198082,2.9458628138220386,0.1062796237370777,128.72263654491798
0.13525245439729852,-0.13075826221751957,-0.08494300967683,-0.07657970945407232,1.5117271610323644,3.91989289591306,2.7633562270017413,0.08897296760886025,125.3579536460891
0.1357479680074333,-0.14970171586157094,-0.12182531353364677,-0.09651666555663592,1.7962169899134817,3.190324031000394,3.0226832186839707,0.11001784181132382,116.92935118625948
0.15247614176109422,-0.14893263296659137,-0.1318215263438171,-0.11060521985458227,1.893204712863453,3.465585261175228,2.9602132947433994,0.12262576466733743,111.35819036804094
0.12856923307568602,-0.09960293858875877,-0.18835402111476918,-0.08537754531299505,2.4477535624206412,3.7875419211627457,2.9133872595823,0.09030801302192694,142.93475182735017
0.1443060004579231,-0.12550329892242745,-0.13526859392043314,-0.08282431328543828,2.1126489002002686,4.101321374176875,2.870873011222408,0.08632461972096066,117.79141086623292
0.1441035969910637,-0.13912702310690134,-0.18675629706255667,-0.10935637108723407,2.4319308759019065,3.1958545425357245,2.849585507762723,0.11686094153560857,114.78288911627953
0.1511283191023486,-0.14449883437760722,-0.14746503807517472,-0.09470818401723892,2.0815766673703426,3.871056410418037,2.9262625639938475,0.10321616090083069,106.95424684334957
0.14310842247489167,-0.14160247926162928,-0.10225657107925257,-0.08983804812209183,1.6061107506159789,3.6916160939456986,2.858689664406199,0.0998434173032866,110.13659202481959
0.18188322512874883,-0.1284237042267957,-0.15647466096331947,-0.09905416239157203,2.115910854777019,4.377914851170416,2.778282305724317,0.11501097322444037,119.56827066547045
0.1998671425862021,-0.1505893102345336,-0.14648257325713757,-0.1210497323565981,2.1351195096761297,3.969454162935137,2.8116597983895235,0.12653693864286983,112.10895580311038
0.14822255312960586,-0.13210302936893933,-0.05203083144170838,-0.09698559729705968,1.2118709393402698,3.6876232832283526,2.906872957951783,0.10668161200540759,167.4543086146876
0.1473352433544783,-0.11585537956612743,-0.22065986663003745,-0.08993983547486965,2.8813578865114295,4.165214974862148,2.8688213918987846,0.08826704848622141,125.6652065219387
0.1499393593325153,-0.15029214153828638,-0.1556346126130933,-0.08364039036790294,2.1826526887717366,3.729845315623332,2.758124947398412,0.09476085110263029,114.03531555394892
0.13667693108171008,-0.15224338409964766,-0.15318869379340552,-0.07985857301690266,2.0274283512698754,3.9327150652928795,2.9398444456794555,0.10175284159092057,115.34564081211957
0.17662820710790084,-0.1358779206720658,-0.1054575114533719,-0.10452761882797651,1.6050790503697254,4.215907974060856,2.877709714172768,0.11402052534106957,111.93932853161493
0.16082068421993626,-0.11845838982014353,-0.11675181913156271,-0.1013745434938312,1.889773957406255,4.243833587018456,2.8603907201389345,0.10319092246383661,119.15246453916203
0.13956085138290403,-0.13756251757074706,-0.17462194942434955,-0.07806583672032505,2.3238349040860684,4.052635693840065,2.934956067730044,0.08869844937887292,115.43615046070312
0.1911176782804595,-0.16005037883052475,-0.1751266757741968,-0.11493776368376506,2.357710230718965,3.9638196619781456,2.899200400734221,0.12211194838829974,110.79329442039962
0.17150541264647395,-0.16052028180598207,-0.20815835094902382,-0.11282155565713617,2.69532265095261,3.505915914182909,2.925338550139052,0.12012365216894384,119.34444145214763
0.1845006558533127,-0.14777800330902333,-0.17173807737557284,-0.11447071620165104,2.3275095187768016,3.909625153910159,2.895348546083887,0.11604021612711826,108.24981610103794
0.1722254696805176,-0.11891173888158177,-0.1385313408289983,-0.09101063634064281,2.0871372187316175,4.424483415175787,2.8027214395094298,0.09351113098649574,119.12033686676901
0.1830330593551044,-0.1364327588525001,-0.17607832736342746,-0.10158248198423159,2.3451139502266503,4.629810120737664,2.8945094178679294,0.10289325807968311,108.14183091473063
0.13480930223762622,-0.1347554872217421,-0.14753776420634143,-0.07899492640771381,1.9893710588744364,3.70448007811704,2.8058650123018825,0.09460540977580455,116.20152830187978
0.17676186055549406,-0.1395389226502691,-0.16455151556297046,-0.1062264306308212,2.287382624748532,3.9330698256885026,2.843494953610223,0.10932308629505126,110.75158599120947
0.20256635016247287,-0.15464837393163236,-0.08021759178173371,-0.12121859348713371,1.4497395703038585,4.1195042450320285,2.9263445899360523,0.12481913236433939,123.55256696417358
0.1696271537495852,-0.1590365857539148,-0.139811512682924,-0.10104819300511834,2.1847577257032764,3.9557688263086197,2.914335813872786,0.10833605662221166,113.26347041152343
0.14926885955201888,-0.15526589728560555,-0.11504805147124503,-0.10701529903173806,1.8829481016079657,3.332498996719995,2.9613653588102142,0.12193327057839617,120.95176801575946
0.21062960398123742,-0.13873394607884942,-0.14511567923754434,-0.12663417747304373,2.0787334802761857,4.559260978157072,2.895943514383337,0.12640760210708163,115.15310545094923
0.1569452060879386,-0.1425250662598773,-0.20792999346018778,-0.10511611930210882,2.556465656650673,3.817904469871821,3.070670931829038,0.10708407864492793,109.94045109883871
0.18198614108696862,-0.1570168025451083,-0.17485232933807712,-0.11800195623390153,2.2758389088253606,3.7916603661413437,3.0265701697533474,0.12683926463823617,112.46117044123272
0.17019564320713565,-0.11612176618060854,-0.1851387061786258,-0.08471911711594621,2.511949974530378,4.827055549344691,2.770449721204361,0.0904726195820368,119.89477510129542
0.11665173224177688,-0.14160559116104107,-0.09629008864546072,-0.0902212406849441,1.6548644512826907,3.0184180123728432,2.918862911211564,0.10181164181142079,124.21707757725105
0.17236825011613174,-0.1196434889848027,-0.1595601910251263,-0.09074522138164326,2.2722714469628116,4.576596074668439,2.8041475393064785,0.08911460543680391,111.66702910289975
0.1672527598443833,-0.15484885066963536,-0.14497981074271718,-0.11175650164592467,1.9798595557801717,3.7052693491574265,2.8463585306690495,0.1240830751128626,108.57984252048948
0.1574395067177783,-0.160138823174115,-0.11799501811525179,-0.1038972627780673,1.7927606394237672,3.4829147205139863,2.841072814581414,0.12030030147460243,111.45523194026785
0.09131872870553912,-0.12763144710394078,-0.13472714277218573,-0.07055751717425171,1.8235138324092488,3.28158639023171,3.0394045042595836,0.08374822509938018,126.3028180588321
0.1767373890535524,-0.15136543112131706,-0.14240092081092084,-0.09725039756662499,2.029822865700676,4.261459727182923,2.7915624866117223,0.11245823954571514,109.92590079548796
0.10754375231432461,-0.14314681561636455,-0.11276783700416532,-0.064896030644274,1.808107363140364,3.633397310913248,2.9595501969423106,0.08220123290824,123.35591508357726
0.11513601137101259,-0.129022293304155,-0.13325301202391546,-0.08160746901318812,1.7781445520694696,3.2852894620949895,2.967719441205306,0.09026037483884636,113.61419044159929
0.15193805967661736,-0.1192365546145562,-0.14549783679130943,-0.09910462941617439,1.9691388265586376,4.031057956605943,2.8608035304753665,0.11156976041196602,118.3295077171536
0.14846788259876117,-0.1386096428890318,-0.1717308467910203,-0.09213175873395375,2.163212536631735,3.9917249109249324,3.0179126546476183,0.10683657655450728,115.21969574934029
0.15722198833181594,-0.12257819001094347,-0.1850950399971209,-0.09922068994066219,2.448152747203546,3.9391186607664417,2.7822337261214054,0.10179069928165295,111.40133845013074
0.14154680126670963,-0.11644085170898141,-0.17189420509616107,-0.0929298067626943,2.2773520494273534,3.828230913234885,2.771814994208696,0.09712730270962296,112.45598548172742
0.15706158021024166,-0.13086393603001034,-0.14131745842979626,-0.09244503931325569,2.0739697570600524,4.176922253254322,2.9190611336546026,0.10026661218178476,112.50795663237017
0.1913218630713382,-0.13478442770364005,-0.14096836115284828,-0.1145135439079622,1.9558405695976395,4.312237925538129,2.858910697726455,0.1208141863878375,109.6683039280195
0.11788951821639976,-0.13174761641840727,-0.18697630145081173,-0.07667076453947919,2.3851631082121143,3.580688737037674,2.85756443775927,0.08946222211343201,117.5493074556779
0.1612127395851431,-0.11676735002127892,-0.2223817801173425,-0.10153061194874817,2.7771882347882473,4.07865431116991,2.7235787528161732,0.09750609720732954,114.24243459878176
0.21448985502912454,-0.16846911075414378,-0.18675924016338422,-0.12224864629499566,2.6009595156919856,4.474975331639098,2.8375315846482856,0.1349896718691227,126.80635715442125
0.09943691453831319,-0.1282327200779508,-0.14722498403040138,-0.06946127151385158,1.997279962885048,3.4414426920664147,2.7648516510782795,0.08337253989737094,119.09614427078137
0.157883359563363,-0.13353062382513475,-0.1151325314339863,-0.09778933189749671,1.7921224948274097,4.063108092260489,2.9725647193395526,0.10982763070919704,117.47265517257223
0.15404882721793178,-0.13319118109722206,-0.1608740778787003,-0.10834002155140397,2.266878775259854,3.703536662829642,2.8742966356081774,0.12127334505922222,120.22321670173493
0.14514340465102304,-0.15993113978471757,-0.1843344496211603,-0.10227424097339563,2.5382981159268607,3.0788727394726982,2.8518635292817156,0.11354353721190671,121.52027879235676
0.1527882244470429,-0.14724785793287684,-0.16956648501735833,-0.08972732623885542,2.372378470580173,3.8387584257725944,2.7949293274275364,0.09971826213300541,111.20111025694445
0.14001213671831925,-0.12888051881507173,-0.13736204462393747,-0.07775982596926087,1.9202555645914365,4.063873624823319,2.889959604023108,0.08930951507846609,115.40027745350707
0.123726482391542,-0.13580284765984718,-0.14744880319396642,-0.09781695023181552,1.90499318430187,2.8910847016777415,2.848178392382671,0.10675722144229961,113.18460889743736
0.14410160263085064,-0.15690259847038948,-0.1700921406434067,-0.10194342589363872,2.2632769790014167,3.310375669381547,2.9510259585856065,0.10987480113175033,108.33333016151164
0.1745454572213437,-0.1429399289234334,-0.09690671930697344,-0.09618267687537298,1.6187096093948399,4.391347220658909,2.817024429718981,0.10751141727021847,115.35175785095977
0.12865210277619546,-0.14068404185886507,-0.14743127156872635,-0.0799012297706789,2.1190496403364225,3.6291259025615332,2.86182105963935,0.09591688109186731,116.28345248979498
0.17054218767041515,-0.1350661112447647,-0.11934014474249795,-0.08893401336301002,1.898196969826813,4.6747476240895445,2.9836868683535864,0.09562957841667266,114.16155543530579
0.14822071178857374,-0.16069700113829166,-0.1349687491613473,-0.1019816851413191,1.8731285646683216,3.3206315321565567,2.9310886826715943,0.11017071570308534,106.30534972280759
0.17559086064739993,-0.14563338795613573,-0.12234540020145411,-0.11018633720637466,1.7689022050266567,3.938495998620409,2.8183026121860317,0.11520246412874706,106.71646640179947
0.16919753830775083,-0.11075496322585174,-0.1443138591515838,-0.10360693750348304,2.028509843623333,4.059228245196419,2.8730733980994243,0.10182657103351779,119.52051112116385
0.13364137266389978,-0.1195524059701395,-0.14928761547167518,-0.08450538959744919,2.0572786903430025,3.764148835383104,2.9337048970702355,0.09312471781254865,121.62876745210912
0.1445449797088777,-0.12490020948057803,-0.08380395057791666,-0.09548751501923937,1.5608040794896962,3.8523979114903044,2.986557164590091,0.10149329557392771,134.22815566594605
0.15122814657509043,-0.12135278088219269,-0.10257183232558065,-0.07293645257153633,1.5820583494437563,4.716499764226675,3.002678393856148,0.0808739165481907,122.59000500726306
0.15298853968688653,-0.13517403242761544,-0.20266395251754604,-0.10113303966945879,2.5900087676664825,3.614064092962399,2.86545629389893,0.1024614859876232,112.45721920144638
0.14509714558239117,-0.15350765050764192,-0.11381300445348833,-0.10022338845349629,1.7286863399108516,3.318173698581174,2.9849226880637296,0.116714910163372,117.401528144206
0.1475752997036592,-0.1307060232868292,-0.18805027044189732,-0.10869980882955499,2.39684828931189,3.4303857729073015,2.815811143883568,0.12084770016625473,118.71595787528072
0.16615893999754636,-0.1517515403550741,-0.15427946349876306,-0.09899001111514132,2.191745026579801,4.0395536634868074,3.072869981211396,0.11914195616123503,125.809359861118
0.1294699557101472,-0.11657968786700121,-0.1744027661939344,-0.08803639713487738,2.255632151954263,3.6834067395832526,2.9523486903293277,0.08957494644822503,115.83085873783114
0.13107339607522248,-0.14882575202927234,-0.16750875196881015,-0.08665818495196122,2.3676005496221095,3.529160998993516,2.958230415243227,0.09821271522540248,115.90952054798855
0.12907584336774247,-0.1186333200874757,-0.17179651613266148,-0.0870643230043932,2.18978967699973,3.6998677460914733,2.8311758175851343,0.08606237898212207,109.40526600734225
0.16260266031826723,-0.14326006042666267,-0.1409910026653092,-0.11158393082526247,1.895889693393381,3.305546757236457,2.850981369510438,0.12238133184822916,118.29002017111648
0.16992289494930654,-0.14013802867536396,-0.1142156242684937,-0.11944540376427384,1.7757283614957262,3.7230097947781045,2.985674342246604,0.12433080147128661,114.08986269181918
0.16818201712681244,-0.12984535060568694,-0.17535383781688385,-0.11479519208140834,2.212869640515333,3.7207159384348603,2.9177557633450633,0.11949378380593728,112.92723148613645
0.1449885051255989,-0.14539297739350385,-0.16120270147347057,-0.10662252475143286,2.130708188552483,3.2586719662726535,2.8467559440192156,0.11760790273691075,109.63060202125637
0.17929118581812578,-0.11865887765915598,-0.13620412609272134,-0.1319502522153783,2.087214856566609,3.549107151808811,2.7572022434631203,0.13864985621790035,131.99065027638278
0.1777681051517019,-0.14435141190455836,-0.17418137096731984,-0.11250799338212132,2.3959463350622427,3.7330221989554304,2.7842428008489293,0.11997601653881537,113.37655448395014
0.12758087088958622,-0.11423669221897007,-0.13989060570039819,-0.09579223454357669,1.9251350414732455,3.487635499474457,2.860065194657139,0.1012838831605062,117.93964524183744
0.2240024369070273,-0.16169443997382746,-0.13139684683332564,-0.11749705868626006,2.036455413168977,4.688890627953423,2.7235894814157966,0.12338930093259755,123.85239318146881
0.19853095306119742,-0.14384939540742941,-0.17193806334648798,-0.12327132171830418,2.2615091095957376,3.9378949586326573,2.940808636235923,0.13064524930864407,118.03486293456214
0.1737993119648692,-0.14956595009163806,-0.16394956597589327,-0.10486806181158585,2.2363776635350283,3.761117839598178,2.8571380011674576,0.11501817506531277,114.73922929559566
0.1736110135987897,-0.12474608411509551,-0.18481615575489824,-0.11151274537759301,2.425397489626807,3.994242513160046,2.74912768964214,0.10657418683652312,107.99953654205683
0.13543890702216538,-0.1352761253821832,-0.07535387414086885,-0.0904805472022039,1.393970936502116,3.6177588108250616,3.02165184941088,0.09579527956039391,129.46428007707297
0.151652465958196,-0.14200031041962483,-0.15409741907078836,-0.10012378206683323,2.1495656851863014,3.4964810920861598,2.9262977103267303,0.10142065841330047,110.28788040309772
0.1313187412370779,-0.16229351109632134,-0.1568396818805329,-0.08866994124640358,2.2516754705799,3.4264470425851714,3.074008140887718,0.09579550815912417,112.83942935259662
0.17820375476230665,-0.1547543522138097,-0.2312834358280142,-0.10674774616084567,2.8782521093578533,3.9615399767959567,2.8528009104228835,0.113917179919268,116.02546332812015
0.1427920091322642,-0.13495164649951213,-0.09333266652651662,-0.08802875427343722,1.5387056096421037,3.834468290677783,2.893402515935408,0.10469874893537211,122.770880119682
0.17199799288932466,-0.1360540312597582,-0.09588885073131417,-0.10269840803138322,1.8042150988357912,3.925795647213307,2.796807301592576,0.10714059144994811,129.3173700248343
0.14052599738984572,-0.13042069835916528,-0.1540330409702599,-0.09410482714980828,2.1093999906686505,3.6797363239885668,2.9352803557162677,0.09935657889079548,109.52190619249109
0.1834266804050092,-0.13258358678576887,-0.1609471196749038,-0.09387082115139928,2.317611649567671,4.654494757562867,2.8789194840052725,0.09840806662002251,113.93019315967497
0.15555062778754186,-0.1437626850930527,-0.08656479659451118,-0.09484588516407072,1.6265829544058168,3.831128076200164,2.8657838853601523,0.10774699843176354,128.83378976678478
0.1457589331986991,-0.13217088960444884,-0.1345341925300695,-0.09515937211845873,1.9319748158768375,3.832927168630182,2.8322758224492506,0.10756304577900562,111.5832457285477
0.14909212287181273,-0.14854865535447553,-0.1462789273705797,-0.08208611733801885,2.0924404617823287,3.845905390292826,2.8488540271913783,0.09754461678221836,118.07783498946839
0.18982763199584451,-0.15186215433757297,-0.12175108722420973,-0.11622607934084316,1.811142907176676,4.03927965998874,2.8789113714212795,0.12550384327909203,110.29902647479535
0.18660317911790578,-0.14521365938632722,-0.19674041866069725,-0.116819849835355,2.455797736693224,4.2450848842475235,2.973875406146673,0.12086231658660639,110.06014034356642
0.16147760581929504,-0.12657738697151538,-0.17894349165393297,-0.10130150279042113,2.350607434500441,4.058207520508731,2.9610037622160146,0.10192106316014309,109.99298030973104
0.1713196578299647,-0.14692119282202581,-0.130438798257419,-0.09574473254680503,1.8222424886582238,4.214208100715599,2.878236144488628,0.10940524482671957,108.82478886095117
0.17446641061325033,-0.16293936439435996,-0.14978583182680588,-0.10860317513140848,2.0014965917519403,3.690523023555938,2.8837432039995026,0.12970068224766973,116.86867861926794
0.1198170143363935,-0.11719180540529718,-0.11279349002690092,-0.07812846838102376,1.6849083331064225,3.7871447752168197,2.9093255461741436,0.08965294987414822,122.02353573993544
0.1308450561244233,-0.11163820547869621,-0.10414199956800979,-0.07600820506378247,1.5926004106359959,4.107602266810314,2.933447464096421,0.07780602874185813,121.10305733491944
0.15561407425518745,-0.1365228863646699,-0.13983193120507223,-0.10258318218389909,1.956126238641188,3.5650173822773086,2.8930393730861454,0.11439875551677424,116.61310104278614
0.1441023285434787,-0.1483644181558434,-0.12476379767359794,-0.08609299320164131,2.009025528602458,3.7653545945738163,3.036639233382984,0.09143564026237899,118.59906952339234
0.15496136073433167,-0.11725007626239758,-0.16983803672041967,-0.09769698229945992,2.100191087731887,3.863956220150135,2.896443408818186,0.10108354377870905,117.39143563413181
0.1687112697221894,-0.12332373959790158,-0.15123808974512204,-0.11238684869118275,2.0063057561606663,3.7803895112121637,2.855727665311921,0.1151126615035171,111.91525267673319
0.1580569232253119,-0.11913792145238251,-0.1813463181655788,-0.10165073377552487,2.4493268685615632,4.136511114590716,2.8824298269168125,0.09951102192483262,113.09940435262223
0.18178947952242375,-0.13853366670708656,-0.18081839015578904,-0.1009401927147147,2.3250426840809837,4.529918078055693,2.8543754174890363,0.11184925431308043,111.28840984548911
0.12345072989340389,-0.1168038484019235,-0.1408133273041049,-0.08254822554522066,1.8743266464748018,3.7508014861244288,2.8204338857629954,0.0930564492846024,115.76945052318186
0.12241733459132438,-0.1265947119538607,-0.135649137330042,-0.08556216978292447,2.0201992599393637,3.3248550008744644,2.8526239680782197,0.09411886735156927,118.80354397276179
0.1278986775701986,-0.13416061775099894,-0.15338794715427975,-0.0854506679251875,1.9685922057689018,3.5246769817558743,2.860981478554632,0.09614817480013488,108.85659324943836
0.18495037475920867,-0.13101190354429906,-0.14281324864582293,-0.10860946707222957,1.9797121061671585,4.654266154429423,2.9406192232495294,0.11584743549238864,114.46334928846224
0.1323285870615687,-0.14644879796548954,-0.18547993866289775,-0.10055019313637689,2.5145179638794186,3.4202012236574006,2.9825732369551194,0.10666976534551446,117.71019223354548
0.1851326586144662,-0.13874874241660687,-0.15105323991120997,-0.09982803521662062,2.0150840025480763,4.599760402151653,2.8524044728671627,0.11116740556142644,109.86159770173904
0.14541160118096694,-0.13797217752632643,-0.1740189064973661,-0.088470596468959,2.4310808339189336,4.010296059309857,2.8285837428634317,0.1027597509023486,117.97390378935549
0.15037582076814318,-0.12773781676142268,-0.18660727376390315,-0.09799014629305422,2.4404322428129195,3.7853490483001524,2.8999790579792255,0.09599720141531037,109.79359331543226
0.11496897686520798,-0.14195961049777722,-0.15624643651770637,-0.08775834697753268,2.2892591627121446,3.4423029699477468,3.045693994877478,0.09619271534470251,124.71795982781376
0.16018926470418637,-0.1342247980166349,-0.14885331076946406,-0.10493040815084982,2.0163678084541456,3.7762900498743788,2.8994162056336354,0.11566908192023254,112.27502381751427
0.13802339132366617,-0.16457720955236207,-0.16335846538616286,-0.10289409320295756,2.2784534878036737,3.0799380395443525,2.9939706623416162,0.11473570776955208,114.4472738691482
0.15637451876865566,-0.14426373887713997,-0.11374536169595845,-0.08402105071447893,1.7526199165808483,4.163369214834054,2.8647114966452145,0.10367315846232868,118.4214876620677
0.14553412191643514,-0.1290277816963772,-0.15332095911920182,-0.08030022912436306,2.258823450540408,4.309097922083848,2.8581106837512036,0.08582656820076741,114.09791390974874
0.12652218612528365,-0.14118031481408735,-0.14037444941086621,-0.083500964743714,1.975240646727834,3.4529073341247805,2.99049533289786,0.08358973268780635,108.47217457329518
0.14593836365324503,-0.11430617991238867,-0.18463281360185857,-0.09605903006786413,2.331766957492041,3.8915466660676477,2.871864061595694,0.10401005230149127,120.98949569316883
0.14513744162777162,-0.1275882356216945,-0.1162832595563414,-0.08429620000429691,1.7486121987695369,3.9137678436189924,2.7888594367388615,0.09103137662739563,111.39947152110445
0.12137505643984942,-0.10721244171455921,-0.15759831663795543,-0.07578025122953656,2.0737921576257254,4.080962825418457,2.8626532228240573,0.0821655447926605,120.6336940705006
0.20076398553600885,-0.15098937279904528,-0.14378443486489179,-0.1283684016136249,2.1886714876125506,3.9655793132474066,2.856486983600251,0.14077421251111788,121.87357232902895
0.16084718701757758,-0.1376349228947857,-0.14256929737445476,-0.09693477221983018,2.0634160920590814,4.218278686933378,2.8999344421507067,0.10580539680218548,109.70707016252689
0.15233382278489432,-0.12402710068887011,-0.14077726617988925,-0.09568217107091864,2.1055198739014167,3.8597466299678427,2.7914878532718523,0.10399401684006347,117.31901185008789
0.12387134864078247,-0.13707371877874083,-0.1341357574829688,-0.07454152168294884,1.9847692455182522,3.631073528498855,2.8754562501337335,0.0822315059590596,112.45850277493571
0.1251554020765065,-0.11848957583445743,-0.1892386644902255,-0.06103978498698665,2.4174630775004746,4.403955283780807,2.879153575403805,0.066784756021745,128.0579251218622
0.2084254493938658,-0.1413307886217621,-0.1643045638489002,-0.11816939684272064,2.200657867151341,4.475419724350151,2.843119587589458,0.12353181887537901,110.26342566260539
0.18817728389317295,-0.1419128338632322,-0.1762804438982706,-0.10875294391621784,2.3313152289436734,4.173178209661709,2.8721841924908613,0.11219061498422797,108.65770735753861
0.17198053964540413,-0.13513462166019147,-0.16965664589956345,-0.11088831794471214,2.3825306706076668,3.6938201569739952,2.7998997633150546,0.11738539368441776,118.11350318256295
0.13781013620839258,-0.12994582042752756,-0.17168040526437722,-0.08490397216003995,2.4098160229495957,3.794316791936235,2.8789019370850055,0.09251432020547494,119.49560938485322
0.15552618204454857,-0.14193669574699547,-0.1474443358571095,-0.11199562452989362,2.0972484199766317,3.1414447658556703,2.9175414094081322,0.10840601032395603,119.06446758120293
0.10168482127364317,-0.08594319519566625,-0.15349186049619964,-0.06595264089450988,1.9287652508572972,3.9388807652260533,2.898231898135481,0.07112504544215015,148.05023452915282
0.17648458739627296,-0.11851424663361468,-0.15556920148452935,-0.1062466693190356,2.0985156273127656,4.188127279377917,2.7635361567247574,0.1131817600311032,113.58244352660634
0.1708310228054851,-0.12309252132909854,-0.16979469859920754,-0.10138720478546759,2.3722361723962764,4.217399783006427,2.749276034763253,0.10794794639114616,114.62280360010627
0.14018583805526807,-0.12794316591879182,-0.10239095172376536,-0.0879478566887134,1.567850644733869,3.621452283971322,2.8075260257577224,0.09117803469031945,113.46699306853263
0.1650041615258927,-0.12887273380398923,-0.12867632746361912,-0.1035873940466294,1.8847966930443176,3.904448808465203,2.8075407694258967,0.10990176854801956,110.13048717658839
0.12668744884862287,-0.14500275895337325,-0.12762898554542723,-0.08333427420187793,1.9035756292467672,3.5071451138102296,2.8625973707600867,0.09510924252369302,109.11475112209192
0.1757779923085099,-0.15676428391609948,-0.12918869757596324,-0.10730071922247501,1.8761396940282988,4.076097512688203,2.9444088569013482,0.12432300749433167,113.21056290735027
0.17670181492775486,-0.1437390564226978,-0.16771989739749915,-0.1073078692758853,2.328804554726535,3.9024400660090572,2.7421679251656252,0.11400590592952499,108.83241329355019
0.16067586036463863,-0.1285819539468922,-0.15045636109322322,-0.10196648316862367,2.1868611644773344,4.062049652357128,2.917466789141006,0.10391450020719972,110.68691434994003
0.16436988681488546,-0.15718809018467417,-0.14266754812958157,-0.10175782165739126,1.9639109817628635,3.667679187044191,2.944581260732286,0.11131946876147371,109.34456026796764
0.1525224016196925,-0.13149332189626453,-0.15562113059072316,-0.1016567258470214,2.056729616832568,3.721083389770173,2.8467881188609545,0.11287516149918765,111.3487794594815
0.14207330842159366,-0.142484685947158,-0.16057982581478356,-0.07571937257960198,2.090467737692652,4.314737885241673,2.999883941138241,0.07565374683712854,109.78804766561215
0.14863971692184733,-0.1386390850712454,-0.14118814663306975,-0.07576705595845781,2.0470529693049895,4.353390973832135,2.9135646414796814,0.07662928526905105,110.90283561811528
0.1470217071070673,-0.12717670048135044,-0.10964399924922344,-0.08528761490228484,1.591319510563391,4.155382274143236,2.852682801913163,0.09888064685751827,113.75747745777966
0.12169952357367339,-0.12907969322685278,-0.16233976369499187,-0.08992570151987225,2.3865688649055916,3.2109439785996376,2.837903048389103,0.09290678961733409,120.88825661065793
0.1946618360585458,-0.14247731900395458,-0.1592941186460328,-0.12784167859390028,2.3216148704733963,4.051182164924637,2.849918272889423,0.13609540412481322,119.72642739950584
0.1566670019344646,-0.15798581594759187,-0.10379704779966979,-0.09184478684777687,1.562696553194032,3.8173446913386884,3.0072812243779956,0.10988770779328519,115.46250176524258
0.1385758186573909,-0.1475757964877482,-0.08799510887041564,-0.08464127404251187,1.4562583058128618,3.7291955544763926,2.936485153160302,0.10739866396378733,124.89740299176805
0.13344564165275238,-0.14389168517463624,-0.1492406246598042,-0.11080309835497407,2.13236115527779,2.8780207238004194,2.872514418612444,0.11886431993455437,116.37676468003735
0.14546552765920992,-0.11859112744832034,-0.13652994762544057,-0.08916725704095006,2.130452295882643,4.081642594166257,2.8124510872534114,0.08877322356418425,115.94852782626893
0.12667849554426086,-0.09274371790392359,-0.11861209832006181,-0.07361532957138006,1.8352135987942668,4.121600991632689,2.782076370843951,0.06949762663948919,134.7225356904948
0.1806079673014796,-0.13621857510155574,-0.17669691824119005,-0.11346079154463568,2.313795512785042,3.9896538288072936,2.7823172994072096,0.12022681689047847,109.09686768288171
0.17035493230696172,-0.15531919235567318,-0.18671863459045862,-0.10860199556139175,2.6104960044446823,3.9297267044041444,2.997579698498978,0.11310733639534713,115.21940893321005
0.15712027699886855,-0.13577706544069226,-0.12169570713238782,-0.08869281344161542,1.8558268262901403,4.196594437682255,2.9333090893946685,0.09453300632627921,109.77517216966568
0.1377565468466438,-0.13068391533425439,-0.1330891591037216,-0.07918147075687192,1.8498964842992736,3.9922894514881317,2.875896432517286,0.08940643452396084,110.09101023145756
0.13773064402903035,-0.12984595110738148,-0.12097124678570542,-0.08707880374804242,1.706560937312618,3.763841810714379,2.8160399737031487,0.10250700639742194,113.1060554399354
0.17009305376340972,-0.144725745356009,-0.1665631663400193,-0.11326025393946808,2.3101399317115123,3.8838485378123067,2.916624840840009,0.11950296533639317,110.57562416465875
0.19342943299629856,-0.16079236216552653,-0.16502129929224557,-0.10865202575848233,2.30191491559877,4.084641535278596,2.8696501656827214,0.1185058903244226,114.00147088789524
0.15536237088987062,-0.13187133179793298,-0.17925354585405945,-0.11112469159232743,2.4019812220984686,3.6168235377066855,2.9707831934773816,0.10561764275352313,109.5930631380183
0.1683768702977178,-0.12439321246162083,-0.1826024845563007,-0.10950707741362778,2.4540799676941463,4.0962408977844555,2.8701550127260793,0.11196704371082036,114.28234833242135
0.16527944474675538,-0.13483376100261268,-0.10603433099797926,-0.08683530753547082,1.7043780840596308,4.287071602054866,2.8697867266371593,0.10095626635875267,122.75382673194503
0.13787845399164653,-0.12381455219204972,-0.12331883159338386,-0.08201491636040782,1.726541529964251,3.989450426390503,2.868826816349024,0.09498701037049452,115.1661877403412
0.13202081546346806,-0.11912744381572035,-0.13541592302139477,-0.0904275485431475,1.830434420972156,3.619846860459116,2.912198234880583,0.09374405080847886,111.87897491961695
0.14313364885978896,-0.1337177861189967,-0.1383648025417544,-0.08782513802454114,2.0396092403807247,3.8092239004343944,3.0244698121120765,0.09949526324741018,123.72667298252325
0.16664868608552497,-0.13677734699020042,-0.1740420860251062,-0.09104372504745217,2.3784964128777637,4.233196953876281,2.8307784470455886,0.09642866649636905,111.1055693721701
0.19574496010769732,-0.1230815618038577,-0.14972851822259042,-0.12591286388138592,2.053539146462331,4.12024882504853,2.886943017469765,0.12174260120755498,110.62127105032923
0.10406770941393914,-0.13240028576535032,-0.10917526590338167,-0.08615356965966184,1.6158608704370405,3.0115115737423346,2.9257882684136405,0.09471132003480255,120.152093213851
0.10952106726739855,-0.1345869762958109,-0.12988498439464147,-0.07127216248393833,1.7727746993653892,3.54142750512077,2.986098466507255,0.08204161166484061,112.05684383150947
0.13774096555445997,-0.14873856768625868,-0.17334008792752667,-0.0864007918803412,2.3294650491268376,3.5305960051354415,2.8682510961354115,0.09231186953225196,109.4262913805438
0.14580609492071822,-0.12958036552407542,-0.17141860129380188,-0.10782664095955664,2.3557652513475587,3.4175089701930608,2.91840299431363,0.10920643115582152,114.9680257012623
0.13631437695335488,-0.14680849230696238,-0.13943577696216963,-0.10745973280517554,1.9277516124263636,3.002782337129522,2.8780143122182746,0.1228338352904459,115.08568629518768
0.14324230871713065,-0.1337124002984508,-0.11914331417854442,-0.09479836743241525,1.8367348652884625,3.804736670823754,2.9980850989525436,0.0947795152730584,109.24967887980547
0.1482558006434834,-0.1395805167087217,-0.1432564090065865,-0.10461851266556794,2.0659874098250564,3.4672839220614833,2.8618299096044355,0.10931755876480681,108.03914969232193
0.15223385651370747,-0.12005742568719971,-0.16037379286147843,-0.08747266693634613,2.0437404414315195,4.307937358768273,2.823342499011344,0.08828447528295827,107.07966749171499
0.15341665716141745,-0.1308784343176106,-0.13847148255708186,-0.09026972292311462,2.0788822748665727,4.222626180976666,2.8008541091328563,0.09953814780418078,112.1563987577411
0.11308374920471309,-0.1260523290382323,-0.17215399165371556,-0.09285792569302613,2.1925495321262067,3.0943720928109424,2.9338788959032462,0.09999339920442998,118.61839597528476
0.14523790586006646,-0.11663050652690166,-0.13768409596435022,-0.10804530974577121,2.0135558038875288,3.61988966541196,2.988102648967939,0.10913490896942116,120.65824920541439
0.10791895115827194,-0.14038469256914787,-0.057451352478814874,-0.06295399522240624,1.2033142076337793,3.386268018484775,2.785930075785335,0.08260957206829977,157.66748655170585
0.10997388165186582,-0.1239984626909343,-0.08039441060437723,-0.06463338449934913,1.46415721836083,3.7463802713709162,2.8455697620890366,0.07112744572579692,132.34158005740844
0.12957470288678724,-0.11460609844870694,-0.20389828072205612,-0.09576901987013114,2.6143911560161786,3.5674556153403736,2.953902718209708,0.09861531553467377,127.83979399885092
0.12624341252373653,-0.15635064313468278,-0.15405883698996803,-0.10036903699253351,2.0158677238043934,3.169220553654033,2.9606667131914848,0.11217190866387988,113.69473697582171
0.1234835933545098,-0.14056256433528994,-0.13188221246652077,-0.08252696688188693,2.0179573228171432,3.5240026447585877,2.9544925264185653,0.0897223002488474,112.98547025976791
0.18669498465749723,-0.14638433947605617,-0.1320192455844892,-0.13881305941209454,2.0042564013968804,3.042526070380219,2.8463806455928573,0.1446858882275978,142.27322734571746
0.13329619319820182,-0.14089796833761442,-0.11589291529042468,-0.08941163646187258,1.7935100107035535,3.3995734543395066,2.903279322860082,0.09590693537189926,111.08183948664498
0.15228749598731886,-0.13134285847404853,-0.11700042443843423,-0.09945369149274104,1.8002130355463573,3.8501919952027306,3.043613420267084,0.10224866258443324,112.77668794013661
0.12177859054571524,-0.11565757762178935,-0.15516800329582442,-0.09278802532738369,2.0794343168234213,3.3938978143283323,2.931865864153906,0.09537648766379747,117.48896780713629
0.15442668296391693,-0.12964171915452008,-0.13643659328964108,-0.1072450083967792,1.8745213112029901,3.77263153504831,2.8803385047068106,0.11923389229536581,114.37173546384298
0.1567041557878129,-0.11817873877486176,-0.1630271988238085,-0.0916700491963826,2.215203485947758,4.399876618123211,2.7235408615651537,0.10042657135998814,113.92214372580695
0.15433697760549062,-0.15686706580758797,-0.1300018910587412,-0.07784965268002149,1.980376191369797,4.01830760132307,2.807699120426544,0.1016294326728436,126.90596179053321
0.17917252574206363,-0.14537818717042633,-0.13623306097872953,-0.09847828935969354,2.1048705978278424,4.339103007261059,2.785493258399478,0.11275498707185778,115.55136864279467
0.15859438840593895,-0.14743911424892758,-0.138219459537499,-0.10954200792176946,1.951282123427763,3.6084035245229074,2.9266398638728743,0.12797862707361737,116.88018297118447
0.18238504506761472,-0.129013459746355,-0.21211762100200224,-0.11000728576976035,2.6392514446022304,4.211647060665533,2.864631683762765,0.10407111485353024,108.43198106810222
0.192553103889791,-0.14015494560897515,-0.1390201149451885,-0.12292127811360218,1.901401082044881,4.149838917603406,3.025166522600024,0.1259794991180974,108.97633918452863
0.17543676317373527,-0.16217908670668432,-0.15466904505467693,-0.13467793796972213,2.1685786269750316,2.95727643507039,2.942895496400163,0.14027334365155697,127.44614386230674
0.16944847054197454,-0.12380131963107441,-0.1282257112285158,-0.11326785073308247,1.893227730774903,3.837228134272607,2.8168428695249004,0.11556004729369462,112.15261129592825
0.15102170798905884,-0.14209336747525883,-0.1743961223218569,-0.09773403163834843,2.3450230312390006,3.5739092826162264,2.862951443463287,0.10125456673665233,109.2559970943309
0.17065482754650735,-0.12968636732649816,-0.15704981847327013,-0.10185951047449973,2.114990114410048,4.188950903539386,2.924823521798465,0.10298322792098477,106.50088673636209
0.17102315253586567,-0.14093183463276143,-0.13713148297193956,-0.09748390820153886,2.090236875343115,4.291815847247818,2.8870567208824687,0.102351912096434,109.45376878606172
0.12238289934080979,-0.12815671003935766,-0.10553106749615962,-0.0701177278811654,1.6824961578483872,3.845225310237056,2.8694469598555434,0.07662673871067577,117.09396733778478
0.13133624807767458,-0.13680310199427256,-0.1659706666681332,-0.0932105919345563,2.3177668440405026,3.4083258614047507,2.890269121202241,0.0985868363881056,112.08604171563458
0.19281519699501418,-0.1371619706259216,-0.11804871920477072,-0.10945517550649116,1.7984749443980625,4.4077627172927105,2.803902605124871,0.11894801806229727,112.73407859418742
0.17669433591208428,-0.13768658710201265,-0.11191483720855057,-0.0915421881296541,1.8337688593719192,4.543925967474397,2.854525913419665,0.11245271965249691,128.71345481867053
0.16810166272603053,-0.1340690874465848,-0.15882199987643866,-0.10127622346681078,2.1782745992416728,4.144904677114797,2.899000970376235,0.10387206105213168,106.12725577264887
0.13689516634826976,-0.11045697967633197,-0.17268836062257795,-0.10971210790942447,2.1861336418583086,3.389421532987039,2.981413449282257,0.09614587962983076,118.3648592677387
0.19360463805319608,-0.1371936116735581,-0.16871122527488067,-0.11768860011153602,2.2386872129790643,4.330819167948191,2.9298981616482234,0.12340791085282952,110.9461416647753
0.13967997200293417,-0.1323113679213305,-0.16065482249550564,-0.09265981516925985,2.1670345703329965,3.7463832088958036,2.8875018141499806,0.11144049518762186,121.66965881622664
0.11144375641353463,-0.12957306187959913,-0.18305239224397818,-0.08125149391002971,2.190653966602657,3.0312722726180157,2.8641681844995444,0.09219011233929805,120.06159000338371
0.10147400588999342,-0.12715070044678856,-0.06787946680711388,-0.060371248921491996,1.1980655316637636,3.535697574036848,2.7419662383663694,0.0772474726505379,137.1258196105319
0.13143149433821674,-0.11079858814390248,-0.10963724969898606,-0.06952092177513504,1.754801964302242,4.2631910485206985,2.8805798148972963,0.0718462755391118,128.96920263180866
0.12639444140913067,-0.15381863194972462,-0.1747976810271234,-0.10467032325969985,2.3400745531869624,2.957640050179199,2.963976501803323,0.1068563420571918,113.57427747198456
0.12857130004411857,-0.09985588636115833,-0.11093029254570066,-0.08686657429300507,1.5112372774105567,3.8149351971133183,2.9410408329727193,0.0839386526840728,126.61883174401714
0.17680843628020457,-0.142427627378278,-0.10014108562843407,-0.09489068127383966,1.6697047734076063,4.551978293099662,2.7977941808653406,0.10599080332089436,116.21228745017146
0.1137870801673017,-0.12120420487163631,-0.11312617850106804,-0.09063661743441186,1.7402092439513146,3.2496275346504886,2.874686654885567,0.09471215940202864,121.64552905498412
0.12326917334663583,-0.12256129340709199,-0.15731353322092795,-0.09015565454203922,2.0757525110910198,3.559177739279283,2.948373752769487,0.0990017927554456,116.95427818915297
0.1628745518056508,-0.14972877522499362,-0.1346542467951479,-0.10919195589417283,1.9807363816141692,3.5843885197457594,2.8326231170565546,0.11993684644628996,109.33461205341287
0.11205353258534718,-0.12624958236005512,-0.16383053949029627,-0.07239216233795984,2.157150824127915,3.877310712284733,2.9554520573564114,0.07963843049397287,116.05911614725264
0.13566160225499158,-0.16099754155284615,-0.15077160066283968,-0.08997867411119755,2.0992638652112894,3.4727954827957426,2.960649819063692,0.11045996776145431,114.73565279440732
0.10290076547594604,-0.1021653526996297,-0.11708073143727385,-0.06307030482162004,1.7226640523511705,3.746033196804337,2.8845425523392723,0.07167127008883542,138.66924809069647
0.17138515030274595,-0.14591996029936707,-0.13315790399574057,-0.1084070215025675,1.964386037785056,3.9076814181806334,2.792596997642754,0.1198410734491061,109.79508443162149
0.1508004406093697,-0.11742238863071622,-0.22609528073741036,-0.10618969710850737,2.7778380439140107,3.7856277412158676,2.911326822700863,0.10568218708395773,121.7443489063541
0.11922700313098764,-0.11831596624112017,-0.1569469067440244,-0.07476210948119867,2.212261505358083,3.7933664840024166,2.789890425752534,0.08418532630031458,120.14713345429332
0.16076754413954394,-0.133039893400524,-0.1018696168553882,-0.09614964349800958,1.6155793461642727,3.7740375425253982,2.8160344611761934,0.1110178160725343,125.98939671840954
0.13149677009617922,-0.14659626350693625,-0.1747842269196129,-0.08663449458778526,2.3958939127979226,3.4669317531796002,2.865202826311732,0.09548961954749761,111.63730888180447
0.11560270448616522,-0.13128436181487196,-0.14850864380361395,-0.07320333161983762,1.987040674339101,3.568790031967159,2.881337613928921,0.08828204516128493,116.12726692689128
0.15257060488999918,-0.13529614140489646,-0.10932800978740867,-0.11988127747722238,1.6389701948154562,3.0054422001707772,2.938119416009407,0.1219204073999331,123.61310216418633
0.13132529444840976,-0.1482844570948299,-0.10713270315983772,-0.11162107435713733,1.7452949499266657,2.7919899849770298,2.889443500932231,0.11755594679512242,119.84705490385858
0.15891711282158788,-0.13103929250150373,-0.1806899601667849,-0.10014392516672951,2.2791692654432247,3.949895725852532,2.7843198689162203,0.10306332775417086,105.29548473320011
0.13054036857492163,-0.1301227204814792,-0.1561322514326693,-0.09624722815319384,2.1585287496431307,3.523141172409531,2.877139639727334,0.10697955301980114,116.5023500237723
0.14704759682544688,-0.1456251876094014,-0.1478787558335071,-0.08870425760953055,1.9947498566144355,3.8075317522260095,2.9624757253794325,0.10742704822016927,116.72078905118931
0.1533385496773198,-0.11335154522337305,-0.14928909948795677,-0.08920702488270527,2.1476172604700214,4.472419260285257,2.8950219026930712,0.09644071562415354,120.85343899710443
0.15032599162609192,-0.12225716931579679,-0.1620453432972393,-0.0863055212169636,2.17669710837003,4.393402226358179,2.9605678535669275,0.0862946092915459,108.31048323211172
0.1771763929109983,-0.14216321371123314,-0.14879044726071652,-0.10262105437164014,2.242250536023223,4.20130917355266,2.8972847007972047,0.11410497103581113,118.373734692196
0.18625630041181607,-0.14618186584610884,-0.21059564755380067,-0.13032749569793203,2.669232499123214,3.690444985842742,3.006910503147697,0.12950705114063044,115.49093902763654
0.15139557503560783,-0.12538093717200716,-0.1320318598487531,-0.11047327602648141,1.908560157681856,3.550715723142127,2.76891148243504,0.1140579393233121,112.06544210788627
0.15898166039119835,-0.13910804426862514,-0.15006909521544026,-0.1232871933418702,2.1894071630080347,2.9876416614170864,2.7334502815387896,0.1311246351098998,123.65816152722539
0.1136254603165624,-0.13070042157026873,-0.125122682550316,-0.05455167761466906,2.0055404779216315,4.177913870635897,2.784393769564316,0.0760762012456474,143.00474836557424
0.1267277396018684,-0.10545062172446448,-0.12971707366946214,-0.07859297532541848,1.8799791757439603,4.105861832553807,2.9507338439449255,0.08269191487788245,124.22720207108415
0.18363276335201276,-0.13076086274882448,-0.1640433644659556,-0.1039196600517397,2.2697667497939253,4.392009895398227,2.8452133482242563,0.11069112207043491,111.77977122282931
0.16392907436762277,-0.13194410976009735,-0.1741608532004147,-0.10186707990240643,2.274056136672286,4.033036871954355,2.86336687032401,0.11341019298232337,113.57542343505087
0.18944067542246407,-0.14727142568390353,-0.16213790416641702,-0.11658105519967564,2.1538757955164094,3.884562792141872,2.7290932575600477,0.12137353488384137,107.26442459360673
0.1358154173827099,-0.1402105101578002,-0.15725192826137557,-0.10666939013196632,2.0802016913503305,3.0133573765757906,2.9239513714487684,0.11018868994358065,110.89695119238549
0.11011628273071897,-0.12772157141478507,-0.13064465084495155,-0.07435004543793974,1.9823673813963525,3.443368349830663,2.8913623337892704,0.08075335388897115,117.0609954803895
0.13815585225251753,-0.1317394657202628,-0.17668220080274727,-0.0927158142424851,2.3337502215098147,3.647718561693159,2.927834325950042,0.10777753064013526,122.4343639514044
