NUP,NDO,NST,NSEA,ADO,AST,BUP,BSEA,PP2,chi
0.260138756976656,-0.32183148809536055,-0.13512113396595007,-0.20112199283007465,0.6049959962096679,0.7961610403435223,3.347858466802071,2.5667321677327113,0.13081822469713347,119.76482235173033
0.26714315602795224,-0.5846375377953783,-0.0793861872947289,-0.20646562912862487,1.1618805229334144,0.3599684206348138,3.969510312958487,3.231263784894459,0.11573800371873003,129.19670513485073
0.1867891183968012,-0.5417737789592518,-0.10242136904124707,-0.13621574311019585,0.770781129149212,0.7579801867963725,2.708071591033879,1.9906914801140918,0.10620768856357504,121.40904524420054
0.16017956151696555,-0.3492852276517955,-0.10261382915063497,-0.10899993757743234,0.566650651633027,0.7158529466749923,2.5876648956787163,1.6491366267301122,0.08518795439357119,113.2765375972844
0.2847184698805004,-0.4471842294682041,-0.11826253924687655,-0.21742622684281643,0.7573912150204137,0.7568022467925352,3.81158754270761,3.068509251125257,0.1333361669169025,121.2382998737861
0.18586932722031296,-0.5683979646902707,-0.13480305443642251,-0.14776115642739224,1.4992885929999047,1.0521997516496597,3.3578054720365422,2.1579276019965707,0.07168601165401521,126.9988490494159
0.13329721905089828,-0.4642824718054007,-0.12632727937108715,-0.1087792739900128,0.9413712594988649,0.8531495868270014,2.1357147236421943,1.4947800080737483,0.08509480338659459,112.99832765553523
0.15538286525798273,-0.3276502318547553,-0.12444257757491743,-0.10990951666294654,0.714815397322004,0.9887043595262874,2.2050033155093614,0.7691609351808717,0.0979715732237271,117.7368857875939
0.2545792416873193,-0.3503010860028757,-0.14900068981080666,-0.1848560744188601,0.5983708769003864,1.0433710076113192,3.858350681009334,2.9258553900256485,0.10232903582975182,114.1923837046428
0.14251912515616602,-0.29782203841725163,-0.1312238306058573,-0.07316774495917033,0.6259932431596714,0.9044690420352103,2.6991761542943173,0.9005867724474697,0.07607642029402809,136.60459273283624
0.22273905060129617,-0.07063704742890065,-0.13316710869821066,-0.1376133620022368,0.19665420960039925,0.9735787686597996,3.3940405313991664,1.4962079526411907,0.09841397547778653,151.54273136750254
0.09881379582400494,-0.4755159179532343,-0.1175926246647643,-0.09128122327784918,0.8914728143095035,0.6865835474983573,1.5399027437351744,1.216974929581014,0.07920211571467575,134.47831648697078
0.17282693430139423,-0.5672085213553469,-0.09653524761155374,-0.13941766229127878,1.0339912548627577,0.5361467446724932,2.2092974085842774,1.6842250924761792,0.11055300611736063,117.43616722948778
0.27159508993655584,-0.4104105200043947,-0.13388982333108698,-0.2003676083895065,0.8288264597085289,0.9493313245137891,4.013025039712396,2.786643359686083,0.11753332798114466,114.10599974407523
0.11391796279759903,-0.4872343748634128,-0.14111593473688094,-0.07583652726377463,1.119460865319804,1.1603994405105174,2.153332512136201,0.9531763374160721,0.06528771051693799,126.31610777099087
0.14244894452620233,-0.00974928032904443,-0.12125476345178758,-0.06935256901423334,-0.09645804726592044,0.8022401275171804,2.187647386716231,0.24867062330087464,0.0918555303156692,
0.19712707249828962,0.2512134538183436,-0.1362874145703666,-0.09874729361077995,-0.5661006387654481,0.7715924999069688,2.5093304421769025,0.17472321617162634,0.11714828386871574,
0.3099508507916766,-0.5023862948443847,-0.12970879053247686,-0.2458111085771454,0.8168573250463467,0.7888319812749349,4.28203208416973,4.006291090580082,0.13467186883646254,143.25831787129061
0.22322608885593442,-0.4247291034742983,-0.14793831992683862,-0.16013534183639777,1.0642438456169956,1.154124650571834,3.6080428856928366,2.216897985710146,0.09195999973795756,113.59699305281117
0.13238868287980965,-0.6080074045616897,-0.12301195486696671,-0.10035010008007068,1.2163174720409973,0.9866938672617256,2.4726639187510044,1.6753549338979175,0.07070174400264549,116.0819163483371
0.3232155980051172,-0.31769275571706374,-0.12094738088779024,-0.23520847887338286,0.43627848669414526,0.7825821135124347,4.597346248501304,3.5483364710002236,0.13306854130012696,122.10167835582146
0.11848001318938559,-0.44718294174402956,-0.14067749398509793,-0.07819122699298439,1.109605201910283,1.155125054170038,2.243751481392702,0.6431532243137763,0.06752218287343421,115.47680339522859
0.24735012634867456,-0.36772149711541036,-0.1193978280030341,-0.17495550530913392,0.8473186275762946,0.9442239282369209,3.3171874452045893,1.8526093927518694,0.11835899407306276,114.7775723671612
0.3943529627178939,-0.23971003867838442,-0.13954541884436716,-0.2942420826629684,0.7912789633813424,0.8684470509175755,5.250116054179345,3.7865773597262633,0.15469312158322374,168.24555291713108
0.16419962217638487,-0.2863196706876277,-0.12163555441093786,-0.1061695716638013,0.31612869872514937,0.8134469272064582,2.5032052372023177,1.6259886109160773,0.09821202324605148,116.92924243902499
0.23011492645768597,-0.22985797926000204,-0.13043228296595047,-0.15753505992537,0.30746228394040875,0.9623273089775551,3.6418975397926245,2.4486704887147233,0.09832080166733387,116.5508929200035
0.30332191262174013,-0.3485949734678378,-0.13132225836331501,-0.21567208179435932,0.8600740931938198,0.8548445450185699,4.340666318492307,2.9281623411351094,0.12460642918617243,122.07648921152023
0.28524762741339765,-0.36940280049736046,-0.13365133722134376,-0.2051565851802725,0.36079324793443995,0.7262837651353111,3.8106109112202775,3.0640699810848933,0.1354410301035083,126.37742286130157
-0.021487094719650462,-0.3579844845889914,-0.09493536734593686,0.02118535236354782,0.7278432546178732,0.6619093276438318,0.3970201934002091,-0.5939318510321892,0.041587429439584156,
0.09733770864333685,-0.2527324918682845,-0.10187790999317686,-0.06633965653488164,0.3346045398028973,0.7141258341555212,1.3342021941674662,0.4725706403694372,0.08651394190009044,125.3926621205226
0.11865389767901766,-0.8458664448300117,-0.11877841496419961,-0.1162262307019411,1.9142882327424084,1.0354100664228836,2.3195015110688324,1.8375971053673303,0.060374773148578864,138.31991106541574
0.18693178080799058,-0.6999116258767889,-0.10362848235476688,-0.1600661574389195,1.3668084617058467,0.6205155837406605,3.0650322233463605,2.812924803092221,0.10197565521465961,135.63422770705398
0.2954030291679726,-0.7670683034875384,-0.1315509675396401,-0.2244723422687993,1.6697648051591498,0.9375645868379278,3.968567062437738,2.9664101023499625,0.12724139529564127,144.4257638203522
0.10298725753744947,-0.4796999322021993,-0.05339350180378051,-0.07801630422514089,0.9419245054150155,0.3315159878862656,1.8122909251378476,1.066815706500917,0.06526793143527074,149.56014140284987
0.13143924560287792,-0.38766611759282976,-0.1043224896207598,-0.08656102120336934,0.8898925933438933,0.7616181899639813,1.703663744571685,0.5394844242195989,0.08345465532254001,124.57092136675938
0.3437873634096361,-0.7229041721142127,-0.13828414346039491,-0.2689417686231759,1.3899226879405147,1.0620581484286609,4.8500537981273295,4.008354737160423,0.12873718253060026,147.16931207873378
0.24967115547887342,-0.5281668400289595,-0.11071965711265215,-0.20324987578708237,0.918048221288404,0.7252315215903387,3.6535663517469916,3.2762400993817096,0.11568033291736703,121.23758597611845
0.37665658608194164,-0.153266827059675,-0.1454762011333034,-0.29376724385707964,0.2820296054063152,0.8846655419453796,4.542370786875245,3.646983463077011,0.17278612132102703,193.10128785655803
0.18862150674742556,-0.4456234927062416,-0.11798299596857195,-0.12911479977217225,0.8940248371658853,0.910399968716841,2.7556189834085205,1.6574791275716019,0.09095967106770644,115.88754091164938
0.09374083446119842,-0.3410178336132951,-0.16854245296629233,-0.05258853533887925,0.8923303501190833,1.305180037670604,1.681447905146749,0.18343585716249478,0.05550733302638844,155.06278002103426
0.2077419259841307,-0.0976084741690047,-0.12209882095447999,-0.12834554661943498,0.19658468157468623,0.8588782768958486,2.602096633868192,0.7588425743637367,0.11225938306200024,134.49022830424846
0.1772744974574501,-0.3778932304868505,-0.1209842441200641,-0.11835272278000201,0.7561695286924944,0.6674453848595077,3.1076085738986405,1.9960616005263694,0.0882470117926595,119.56966212044505
0.18910566369965423,-0.05895477706167357,-0.16446635258892725,-0.13523460077826613,0.08699319148978246,1.1237271980776595,2.6730018854015687,1.61697692843973,0.10462475763951223,203.73337733779186
0.21849244539317653,-0.3063721405750049,-0.13305174060271707,-0.1468821557751003,0.41073825892912086,0.7558968665441232,3.652943285850027,2.5644589801572932,0.09732283015423754,120.0313507895857
0.07159003681103375,-0.36316008674688693,-0.11541508445889809,-0.02267970515897552,0.7810505886194615,0.8814010754139364,2.0865502019377646,0.5111123433656115,0.04627846037832535,291.83946709942086
0.18042315351055851,-0.5186132637793551,-0.08045336955576535,-0.13671268241797757,0.9159338755399067,0.5509337184360232,2.2983532669195035,1.637420385704451,0.09834615986590911,123.5695136298127
0.29436458136873284,-0.4979230421025048,-0.10753681258072388,-0.23154518020593837,1.0815194023059351,0.5803775703162344,3.887502178207883,3.0458302148112297,0.1326923186912627,122.81920265137832
0.11607958300713295,-0.17593430342853858,-0.11729712330228748,-0.0733388908900087,0.43493393263368574,0.8383464355113003,1.9210503037833493,0.48764443666990154,0.07373140590716379,128.36563968934746
0.24609078280509758,-0.41115059682907173,-0.16357176563210818,-0.17343115205143372,0.6341840029378393,1.232388536734531,3.3946803371077245,2.440125515913214,0.11984632519823663,122.77716881252218
0.15229674984442562,-0.6116423042529218,-0.13154023054581923,-0.14297418699839726,1.334514121588814,0.8298577255964336,2.3408954429387445,2.1635181424647363,0.0888841093002025,121.331548477623
0.18932708378573326,-0.44683262219428277,-0.12066976480981313,-0.12488880581224086,1.1727516543291332,0.8682964704245798,3.0348213261836214,1.329381139771438,0.08806060564981456,112.83210053743305
0.14338268610148,-0.6218707949278081,-0.10867040063268862,-0.12547594980654275,1.1217801696217746,0.7610921755225812,2.409074766407545,2.18695032613497,0.08785948719690928,116.68966510036716
0.263973807952387,-0.3291940194437747,-0.17914263080503257,-0.18148569104276047,1.0754334801535994,1.5912344447188824,3.8429504075505028,1.7028133919112214,0.10459591139247285,134.82872794279058
0.1399907836953857,-0.45998725769222126,-0.11890662893102862,-0.10957893956662608,1.141239475979921,0.839077023209793,2.5092456438832635,1.3038461433601183,0.08098708152084227,116.23001813126008
0.2666914210134226,-0.35293474371392985,-0.12567437267198797,-0.18810219103228326,0.6435996655441387,0.923512553862751,3.525452044260387,2.3830504701117823,0.12267645871273025,115.44709041234694
0.10524997075963613,-0.28211447361658926,-0.12306683488251753,-0.055742776757252116,0.6555152277669818,1.1361356485381702,2.1358290486655815,0.46689536771029805,0.06057484771306351,157.90690213842674
0.15036744102971214,-0.3725728682957918,-0.15057110853034852,-0.09052938477000065,0.8979851700655466,1.151975952177132,2.9027043432347144,1.1227855867109588,0.07050454592889685,114.82124289301557
0.16973541309248383,-0.0007638580651037064,-0.1472340890710696,-0.099765830844508,0.02338616424350992,1.1603339408635596,2.2147423769937182,0.48723620550091784,0.09955029989795329,314.9616265580398
0.16634558892915777,0.005656645320947951,-0.1109940485551081,-0.07871698615740583,-0.29541747720530753,0.8665656398802043,2.2078201686580554,0.44029061583558593,0.091654129450357,
0.1470967939971775,0.03399745488681494,-0.10644699598970561,-0.07129083138841096,-0.21583660786201941,0.7085955507590473,1.865125974938537,-0.0074030178979207495,0.09389182355561917,
0.260113563314869,-0.6824695383645899,-0.15271524957472313,-0.20516566802153832,1.6753585099064146,1.3436083815126791,4.133109072413806,3.0687603211816525,0.10564697982327945,150.79441977838977
0.25052910288303715,-0.5351910046188888,-0.12061031521000606,-0.1815592899681493,1.0528989074078006,0.7469438227074009,3.670634750189462,2.56337344821653,0.10912210765445499,112.66999264076432
0.03750119377551067,-0.42683243195030757,-0.14125931822950488,-0.03357485934475997,0.8195036350799314,1.0539731322151296,0.9665893162589276,0.41955691746750823,0.05027218072153163,198.04453230340164
0.20711501911267402,-0.24850476911283723,-0.1122733890981825,-0.1239620327044298,0.4310599648690407,0.6146630779576654,3.0075590039548166,1.6175718350480461,0.0972395031320416,123.17720198682414
0.12514688286866615,-0.19892892029222034,-0.0984811648954719,-0.07900981308221487,0.5541780648155606,0.661793325379973,2.5773426741307284,1.0882028987875074,0.06440604222538034,133.09939237032586
0.12493431260359658,-0.47553730751030737,-0.09241250062676311,-0.10173823055225797,1.1179608761268671,0.5647947622281615,1.8917656398481486,0.9857766189471,0.08089143109649553,118.39002638079464
0.11452601399260431,0.19310246417175658,-0.10952465275055136,-0.04662103549682285,-0.6713614755420605,0.7355877011900396,1.7335885002135407,0.04871750081643622,0.09024167855770078,
0.17294125388232484,-0.499012608597405,-0.0908597762970537,-0.1151431392931569,0.9715462712357437,0.5248268902525421,2.8893228365496344,1.6362266009793627,0.08857149400876657,114.07550687589492
0.05386374352334962,-0.6101303662929922,-0.09743338419121761,-0.061844562676930295,1.2152837139288637,0.7967411843743842,1.390829692594032,1.0338001377653525,0.06378958507351394,198.92365886203277
0.1331185993716891,-0.49442606259833033,-0.11564538029864901,-0.09493710305006056,0.8767975208991664,0.828786085376305,1.8354980713687947,1.0768826158618028,0.08734319699084551,116.31062102085535
0.13687363414856885,-0.22255981858073468,-0.13724969298666823,-0.10705263071750076,0.6151628829115974,0.9523684589952532,1.9186481755612563,1.082657389447139,0.09401453120538839,128.20528971510328
0.3360947133183237,0.02118061876445171,-0.11785968281258637,-0.21778431068533888,-0.2666853534270264,0.5938023185796508,4.399551373364886,2.6448499972010726,0.1516278079005525,
0.16130683501397064,-0.2353641510280244,-0.14626434748813988,-0.1051188065068929,0.6756899457969924,1.0342427339601172,2.4812266484444274,1.0080066807043566,0.08448612357450917,121.83483550863617
0.1288322237656122,-0.2176231698752426,-0.16480372932011886,-0.0747314714643281,0.43715562684261133,1.1855915517622262,2.170750974062468,0.682183664791862,0.07893916050982955,138.23595434262796
0.26936607704123994,-0.3928870234799152,-0.13134267423002977,-0.18231667259906423,0.8418160571264416,0.9013573347104018,3.8447736038385703,2.232666915127659,0.11604550014549778,112.43904932390711
0.22570119005606126,-0.40772004293401215,-0.13954046261420033,-0.1715817181183564,0.8308232031670276,0.8862870332440272,3.5244164170536454,2.701304444326672,0.09947686771064658,114.92412182903132
0.31912167089862026,-0.5262958067865772,-0.08561495961889554,-0.2509823483185216,1.1301026590488408,0.4847464839712061,4.040188412513638,3.133057652056449,0.14466105503319035,137.27328226430134
0.17069939437720397,-0.5650960426833582,-0.09286384956201188,-0.1203014825736936,1.1672929358088697,0.5194783640754963,2.8166769638933347,1.5314426120003253,0.09476558187542397,115.27889975117792
0.30099523839559306,-0.40200820288696476,-0.13841639431073227,-0.22065105076935082,0.9358560916005483,0.9647337356646115,3.8342561159051654,2.423841143404661,0.13643289408336257,116.38035431485366
0.2289755306459943,-0.6011508811553259,-0.09602955199270453,-0.1747051922132419,1.3702212447044197,0.5836857630199956,3.5605397916755224,2.385778183183834,0.10185229430774925,115.02768153786157
0.17701300795747077,-0.1597534153415013,-0.14313887506156397,-0.10649413032572899,0.4150251325855126,1.094802591654263,2.6692291799479517,0.7235157993308952,0.08728317792210571,118.6011662705152
0.14837372658020154,-0.13109013283379117,-0.12205651929762222,-0.11049176892240536,0.13490197877569288,0.8708780466099069,1.9953408298554596,1.0769355852371736,0.10037270685900157,131.998387119932
0.15166891621377046,-0.4493174207532904,-0.11423573818817376,-0.10273362261510761,0.9652293380688235,0.955027162934736,2.3832368174267358,1.2037325099440674,0.08496683398505007,120.60099347672848
0.11652907832194345,-0.48404622400774133,-0.1405417747128095,-0.08530706208569051,1.0540416996065183,1.1916481121360345,2.2902625192261934,1.2473564811855449,0.060238041165122005,115.77158088920709
0.20068564956716423,-0.4687844611557726,-0.1019384414609085,-0.15774079655412507,1.2206493125899687,0.5365615997126431,2.9863793307251205,2.0736629743570125,0.1080085498660583,123.8668990985186
0.14847370207971994,-0.3614351938387174,-0.12467246565248158,-0.10801471991885706,0.6645484228772289,1.006930103902581,2.6382653924594512,1.8141298630590357,0.07796521753097198,116.4852951819625
0.25127106175573577,-0.385025496698109,-0.14442933135990144,-0.1953463674354647,0.6087530055697408,1.0704235487347336,2.8889656864487074,2.2686462323866725,0.1341832122401276,122.42552425720729
0.22055768229399791,0.010641643514128829,-0.1358883856549546,-0.13600480341820068,-0.0071225869624453875,0.8699556426121577,3.2036766358322417,1.6334730845112706,0.1120474603465333,
0.11826169230599637,-0.34436833982506254,-0.11496095404324719,-0.07964401925749261,0.6632317579406142,0.7773430394136124,2.126183944598919,1.145106151939413,0.07837954766974352,117.85346564151985
-0.0016153159665677763,-0.525461715925772,-0.1094155904561847,0.00686122231719874,1.0543571976154764,0.8551664680199371,0.6929860377221582,-0.005333901749258851,0.036906214257223874,
0.11990934712838984,-0.27599337900165216,-0.14528614316388572,-0.07272613781098428,0.558327163661563,1.1054681459464377,2.0549979615939495,0.7225956361094135,0.06807839685803103,119.4552652403895
0.1711016870606226,-0.34260149395281736,-0.10484012519095971,-0.13945518808351115,0.6932223432084021,0.7869423619827675,2.287875403240227,1.3648898174342574,0.10361199154393876,120.0043273194039
0.14063868853629377,-0.774568552849781,-0.1213402661395078,-0.12357456406393125,1.7043975902697248,0.8903629567750002,2.7367186390538065,2.2138800677478967,0.08090296904222204,136.5497238457684
0.32064806368078,-0.7977973373375902,-0.12096476081429154,-0.2581729717870893,1.7966948050190348,0.8102297646765242,4.933274279398068,4.209876288727182,0.11356471333460949,167.21464668129343
0.2205061952639806,-0.2922810382205709,-0.07285084041580404,-0.15268962281017046,0.49398964819922664,0.3601879064786711,3.3687809064869705,2.367395928739482,0.10833846752140183,130.67493771245682
0.17765419690492115,-0.6880194809593774,-0.10921725997362496,-0.133949645875907,1.2315073503302425,0.7192685411241209,2.508359160139438,1.953268869228419,0.08997931902875828,124.38286672259898
0.28198599258083457,-0.22794781049070753,-0.1458927395990101,-0.19422367037378707,0.4293530240924389,1.1335587472351132,3.872856980918919,2.4574255459175176,0.11835672191016511,118.8474654454128
0.10400562173969444,-0.541321347227558,-0.14838405102903265,-0.08127079118758551,1.0879318745063222,1.1358824796826086,1.656120431476588,0.8631124192542885,0.07414800541802927,117.94739235366274
0.049425525064720144,-0.3429047030503563,-0.09815736745647752,-0.01597623741240696,0.5720725931375477,0.6923214136120635,1.3341095057676764,0.31361756131793905,0.052758581644235004,240.94469034447062
0.27042252077368506,-0.40558995351147004,-0.11965162460295675,-0.22775677016996942,0.6921173043569874,0.7000283663386896,3.3100456420709596,2.793209611952051,0.1416041083531271,116.5935072918533
0.2064780079003553,-0.42139539687832894,-0.14780539000344983,-0.1654573899315815,1.066207772880733,1.1701248102617376,2.613954861042264,1.7045579118755338,0.10632978361049789,115.40132579385634
0.23844813540905113,-0.5372578157576111,-0.1270264142764752,-0.16811627587263672,1.2954081596798317,0.9555586964678191,3.5836403259892187,2.2027442809635884,0.10846826766250633,121.382388982859
0.10225789522079069,-0.3538400069569969,-0.1358150507608961,-0.06723244074092277,0.7186026556733089,0.9723991042888402,2.2213677649752626,1.3063725860711826,0.06396683962638033,128.37427833922493
0.3247422039502498,-0.4531537648066755,-0.15400976802909672,-0.22790878898231148,1.0228791775162533,1.008603716499509,4.506382342228229,3.054111401272829,0.13178170627056446,127.40017856097812
0.22264250866823393,-0.750433312051396,-0.12556710601033147,-0.18058135929680905,1.730943164941297,0.9014250015695286,3.111159597884379,2.454255832687525,0.09591378975718494,136.67802625649978
0.16150942108802374,-0.6227272713375739,-0.10830384716937358,-0.11818779219463224,1.361134137655038,0.7258535072713495,3.034856358885442,1.9256470918140007,0.07479863513730667,115.94398020905426
0.30728287499452994,-0.8489878579756416,-0.10049754742869396,-0.251660709583163,1.8796755852069744,0.5605608029580924,3.9921455179920677,3.3506021548517655,0.13539674061576873,165.78851138082842
0.17469612916696803,-0.2616427755577997,-0.13042551245239942,-0.11150587732130271,0.5793738970864157,0.9923082319595296,3.0568172403106004,1.4383494157707288,0.080609734831332,112.29147516731521
0.2452920542595649,-0.29190125996023786,-0.07853508194321587,-0.13600494862863252,0.4687725335010824,0.5056091836951395,4.097192177160936,2.150589103986527,0.0902191048999065,127.40436399036767
0.2843251904492603,-0.2997784350080625,-0.11712070136507152,-0.20642440459812483,0.7320294024533606,0.8169951116613745,3.9137346230165733,2.3668261913156092,0.12337482697192836,116.2849834538408
0.0258198924615492,-0.24294271182930888,-0.10612915138114197,0.001869845174441831,0.3601349531914762,0.7222284040992999,0.8000671367207093,-0.26524114676678323,0.055526291031220566,
0.3149400963700475,-0.5767980102264609,-0.1446133825066541,-0.26220772942681775,1.6175469815398928,1.1081882191077135,4.37104185103584,3.3548220174964976,0.12439472878362069,138.755734042142
0.18297769684360693,-0.39460388681856867,-0.1373684344280052,-0.13380021516939639,1.1589757174833504,1.060832693533909,2.765700187260782,1.1605607809657092,0.0833178099016287,128.43839036367666
0.14551321546461976,-0.7335987012858387,-0.08807724271566161,-0.11556578267341491,1.4886433562439374,0.6152002198831635,2.0298298040152667,1.4796520102542754,0.089113366213554,136.34453507269848
0.28887489074555833,-0.33747487906085716,-0.1198564110024488,-0.19629795671787736,0.7778920009849181,0.8790399722405917,4.1363436773394575,2.3991020157698166,0.12279031750349509,117.53360432887797
0.20881779069557893,-0.20659565979349861,-0.1277724165856097,-0.1076391070134603,0.3779846398473968,0.784979112489077,3.7123818907303083,1.5393682474794987,0.08089416903604635,121.35206906896047
0.18371927592675982,-0.3619967030253816,-0.16179286640073207,-0.1140638951043152,0.5948001527024085,1.163956767936325,3.1841760850352467,2.038941617541839,0.07994876538213105,121.55796141651462
0.2365164421910673,-0.4172824228712776,-0.140716166457467,-0.17711366355476518,0.9302579760799203,0.9594285072612002,3.4560712371386773,2.289013593015204,0.10144155169430272,112.43576135333814
0.17719347647288872,-0.6996440265313945,-0.12101052515184021,-0.14786873105711962,1.763039011327177,0.8308917629639505,2.838089034735145,1.866497970821745,0.08688120639708759,119.2526207512526
0.10284815148135618,-0.3823631465559417,-0.17295305409132694,-0.0788317193088201,0.8723870517196646,1.3152174485030286,1.945120399140813,1.1571087275099246,0.07080805368161075,129.97475071765723
0.1897045525221918,-0.36743413377749495,-0.10957380853428753,-0.13082231543851655,0.6858759265016994,0.6765125546728255,3.268015746164664,2.277112514136636,0.09075396050329178,113.96470577003831
0.13722858913093006,-0.5165093740411294,-0.10128451846238606,-0.10623012264987497,1.1035978193295917,0.8054092505940464,2.5181344489810975,1.635126093157883,0.07551463796643394,117.28268129060869
0.15983808928679977,-0.39348088904048356,-0.10638578808435475,-0.13350148504163842,0.61390652279834,0.6661803598686623,2.5332943222300095,2.087827780804739,0.08960116641013251,124.24041020814221
0.1286731583188356,-0.5106098249838644,-0.14179949823410679,-0.09070988875672732,1.0717123887778368,1.0641759071355628,2.0232810330092916,0.9799491910040721,0.07986888711226364,118.05019812815914
0.09439550722031331,-0.5187773440299971,-0.13447141436036114,-0.08414464555805781,1.0010968370099755,1.1066097685718588,1.7357701716127036,1.1851476383602997,0.06278236187947389,133.32937964145935
0.08262511328414646,-0.2581363478038019,-0.11058171290242025,-0.0685961034999047,0.4358212052478385,0.6792133434859963,1.2817879136448442,0.6415800403720132,0.07559942773200003,134.1908332755916
0.17726541874526372,-0.3227311863640143,-0.12233218292204576,-0.1168059499939266,0.7608255548179785,0.897876720098221,2.921995474832438,1.4627629705588365,0.08561128778373395,111.61124885742728
0.11528061307791052,-0.4664216981195727,-0.13652853661994868,-0.07853648094590593,0.9899683705852148,1.121793688874768,2.11128766778499,0.988567686971002,0.07119147940538517,121.20218877812923
0.18057770936470988,-0.09399157030889815,-0.11353117367363638,-0.12438724311094874,0.042935052626515646,0.717538063760731,1.953065809531322,0.8442015766888705,0.10950552610838131,150.11990834259802
0.11559059589875167,-0.3042250546484473,-0.1281562214490236,-0.0762284734275337,0.6667603931183052,0.960524026202733,1.704755107800654,0.5956068023172254,0.07349365823602926,118.00920256889904
0.16634897933308615,-0.307122420283907,-0.11309424918861485,-0.10949039309763767,0.5137879732684567,0.7244667092349073,2.6609978611685596,1.464336862263074,0.08583682459658086,111.51695884657592
0.20323534744619176,-0.8679975323392322,-0.155142951563282,-0.1965564051740157,2.083625332072957,1.149618014997307,2.532632479635469,2.246436052616651,0.11376578790655906,143.13899014561275
0.2672506646897894,-0.41965613311169614,-0.08849374406358665,-0.19041936570094206,0.6633210930423065,0.3939635217961407,3.48938415486233,2.426917776912328,0.1289004129952469,116.02039610650738
0.15183968907030893,-0.3917750552479005,-0.11585814425231493,-0.09625981937035409,0.7256627415568443,0.7181850761970958,3.0695176146609953,1.826628301029647,0.06492632872824544,120.92323136199165
0.24468982312654503,-0.30372156002742007,-0.10240364663947796,-0.16505042581664153,0.53209343447048,0.6370062637414863,3.477999583265837,2.141819168312055,0.10225078802032644,115.37204683053507
0.37394970443456493,-0.3516456712149622,-0.13559534977784665,-0.26733795541813854,0.5488821149983804,0.8417213220079427,4.607238646636823,3.438095459352346,0.16570662227305558,141.852266201955
0.2353824077945107,-0.3529804960704818,-0.11800204421142775,-0.18420086931626337,1.0062714625164801,0.7655369933654828,2.9394768581558366,1.8143218182353755,0.10592199661906564,121.89950121324688
0.18969056707272072,-0.2600280982752645,-0.15303230079819946,-0.12929875023787993,0.387997012060055,1.0654721557888913,2.9133624110688925,1.6071224920698024,0.09263937642537513,117.65027309003767
0.09193883800054697,-0.008517810291283623,-0.14547077363030594,-0.04549365914285462,0.2249504426858725,1.0848651539361849,1.2756725478139017,-0.43999048028437837,0.07912836170371967,
0.19700893852393472,-0.3762632955645883,-0.10767634207622549,-0.15099020411216385,1.002192403698854,0.7189070695424884,3.0537991102721675,1.7710574851859011,0.0994503731374985,114.86638199075384
0.04968591382224011,-0.3763071807291137,-0.1460073992359776,-0.02626109164637211,0.8636783289736962,1.2883493415815004,1.464884448650808,0.21060406229890627,0.038512334245434716,203.54507527278327
0.12160625543967082,-0.4649267782568583,-0.11766671161603152,-0.11455520312097967,1.0436661740530144,0.826599378262683,1.7203862525675044,1.4066517697309924,0.09265703523296984,119.77598307585458
0.09496031872050778,-0.3166424418168975,-0.13812904542821794,-0.05098902588668941,0.8416493206157927,1.1842692574908502,1.611427007267113,-0.09040858940613061,0.06005494276953337,
0.17039919395453762,-0.5792771484477799,-0.13179832305966446,-0.11238898578992601,1.0696219118033015,1.148870647098065,2.631299476653898,1.418763873722049,0.08473285060780078,122.03691836123748
0.09736694712812499,-0.2062024223875238,-0.10399999429444436,-0.035732599351206706,-0.013882070412949976,0.6323256885415072,1.6642151842518804,0.6229027631247227,0.06787600847652903,
0.24042237340698097,-0.5831161145695958,-0.12825547702404777,-0.1752359965743816,1.1876523131907717,0.926043790719053,3.6130586124885267,2.57748597927403,0.09851438471076032,114.69453104972885
0.2848011015877726,-0.10430372700889973,-0.14411639588969172,-0.1910116152901713,0.4620248854560899,1.1005341288307218,4.400133952270014,2.3174627770750416,0.11030131121590404,140.79820749605747
0.2605144807107583,-0.44356146284592857,-0.10026381324947993,-0.20479337187601898,0.895571026193765,0.6165628041890662,3.613703948793713,2.803346321119002,0.12550895651251776,119.72693233485437
0.0591691027615663,-0.4072147215622806,-0.12019668544155244,-0.038503425114939274,0.9759922059879529,0.9131283750048373,1.7739635808196712,0.5026717038510411,0.055727962725745914,179.52411158202239
0.12585428939366752,-0.24362608966050192,-0.12396356605742961,-0.07490017921966871,0.5818153732268359,0.8629757836814669,2.0973389598291075,0.5533520418425395,0.08637455018665192,137.9457054059456
0.12441089262758506,-0.2379983624608392,-0.13882033353455794,-0.06728364738442333,0.1639042689302328,0.9832815787111026,2.185601681650345,1.234153428061995,0.0856403962863679,142.2029251789907
0.13642617148490865,-0.23540096510477065,-0.14726697583929185,-0.09829771987587428,0.4884506987360221,0.9413530501603764,1.950750856910017,0.9815827870862145,0.09732538120213408,127.66222140722957
0.1083780370572385,-0.6490051047593342,-0.11829488977927731,-0.07707324202072419,1.4174217438365093,1.066284173099659,2.099275892872022,0.7694956229849614,0.06835926667697033,125.68454708385559
0.1562014029228701,-0.4028149693789149,-0.13716657864500142,-0.12172663112511078,0.9615050531033791,1.0559447919238998,2.2827657063219524,1.471718181778551,0.0897293862117649,115.95274514851903
0.19632204055089195,-0.2761435949819871,-0.10156815011489152,-0.13528591214691066,0.5686898792422141,0.6464924976575546,3.01290488374305,1.5727806974904457,0.09875993166512238,113.40440211140663
0.26252928776197804,-0.22175942584890937,-0.12202486854503068,-0.18156908945973693,0.5051431477323298,0.8178467495308667,3.936053393055602,2.501566534693933,0.11322857496896127,121.02377537738525
0.18567459630074895,-0.2510657035441956,-0.07646800662129144,-0.1133402896226081,0.34577946145752425,0.372506025235626,2.7865416913384404,1.3341663960578067,0.09881684868651204,117.689049861626
0.3132988691407209,-0.40037785018128913,-0.14107429490789156,-0.24383112684039385,0.8870876143842968,0.8758340690735756,4.3548715862148715,3.4745191587422894,0.13567843147337602,136.1979593572963
0.10781117939866884,-0.6704848972811438,-0.13543536563359795,-0.09743161263173614,1.2699467563998,0.92958990391721,1.8561824095690302,1.6545825448400935,0.07718292927607057,122.62091828169238
0.17935116086080555,-0.4434668877474826,-0.14094641753658682,-0.13419162185643094,0.8071383427028357,0.962427544512326,3.3475802491194555,2.6408396301946713,0.08800609964563548,117.91774239410553
0.10936976214621046,-0.3427849806487356,-0.1082380804616552,-0.07018585079394528,0.6540281166796736,0.7219806346638966,2.0619208735091923,0.911142142084556,0.07890432113820911,123.19325661067313
0.10441478562236124,-0.04823701504830502,-0.11884286971073803,-0.043155603688656924,0.1121966650738847,0.8485027702939261,1.7861225930079139,-0.23273552441910184,0.07057845895777456,
0.12410685044429859,-0.12153395929541017,-0.12897659989098192,-0.08967331334514908,0.16761537812185812,0.8850241747744089,1.530976035040525,0.41845175003376056,0.09452484116656536,131.48913799387168
0.21377182305384723,-0.43456895734974654,-0.14071431877863055,-0.15635927946154224,0.8996498905849984,0.9508172409047184,2.745648101668896,1.5692983357986676,0.11619969485817515,116.5143800892124
0.23218120453819077,-0.49738614259482056,-0.1412249236320826,-0.1794209540963546,1.0216418627378492,0.9994999546584553,3.2544432786387336,2.648645332510882,0.10227001971047459,124.10638798547836
0.11797499400056533,-0.4468140125494614,-0.11310763380170621,-0.07662392470381157,0.7524898156744299,0.7602381888555415,2.1477615976766598,1.2689898327576978,0.07521317120378437,117.08964202109418
0.1723492427206203,-0.28053308808080635,-0.11734455186583537,-0.13116575604282796,0.4269767913953991,0.6631220966461459,2.329393736946108,1.5387564672575988,0.10258932870431263,116.42324252794651
0.21073320995393793,-0.33463954140907665,-0.1394998907465596,-0.15283927238650719,0.6238265549415408,1.0493437826488925,2.694687784143126,1.6123455878749102,0.11615777184548881,114.35879590450048
0.182557206949603,-0.32870532376476835,-0.14347236670040095,-0.14365128728901166,0.605597992839529,1.2102391740381013,2.430086748883725,1.4720495520302488,0.09334683744971783,129.01419711797473
0.1801121918384962,-0.6149866328200415,-0.1417995522853556,-0.13211794074822444,1.3817793208140072,1.0189644051190585,3.625247114526906,2.745474438625596,0.07242168222340176,134.6076532756975
0.22479685609723557,-0.23881649455057527,-0.11866178084334049,-0.13167586150872282,0.6470432122736538,0.9560354160557161,3.971411525351159,1.8791599330626683,0.08555067371070957,122.71820335988443
0.2299834630621475,-0.2409450403759563,-0.0954878616099446,-0.15878979949077576,0.35780263934915096,0.47148273373637206,3.1570703174179098,2.158464650970851,0.11362585422146645,117.79290330587826
0.12340096332145244,-0.4398611236504628,-0.11122530418842203,-0.09877325502916054,1.035818272103822,0.7278666744400701,1.9372140289247328,1.0276958806916108,0.08237671849563113,114.66111446124161
0.16529289631352082,-0.362104244259721,-0.12288662850138657,-0.10208068376681007,0.8842761380206156,0.8715217978878752,2.970338585172296,1.1027528849032266,0.07748240146198172,112.88618763438035
0.10616019380795873,-0.6796105739411842,-0.1304746295759717,-0.0945134209565916,1.7017474025360217,1.0611717471144053,2.1474443452858365,1.3496039667183952,0.06343824822178272,128.22454351880722
0.17698485772435915,-0.34357908121351083,-0.14703925936336684,-0.1338083392181255,0.8003196181587234,1.1540538805518368,2.824005406243344,1.7259170936017882,0.08979542694831448,112.7037457587827
0.20673777431840007,-0.5390758156591671,-0.1044198817073855,-0.16548534323702127,1.55165926361065,0.8250108175732027,3.028519813865252,1.763780188431255,0.09598471990814304,121.76188088683115
0.3040980927586092,-0.7181905009279927,-0.14836854468297922,-0.2363587731038043,1.7361404505075115,0.9513634679688512,4.457476233895664,3.4841060329965905,0.12383294302011688,159.92540106201662
0.16489189962479048,-0.37652083107441386,-0.09570739699842554,-0.1181975164926548,0.858552697582762,0.5267824262140235,2.862869796893886,1.7945684975173586,0.0831867991176174,116.43748670311734
0.28543247727154514,-0.3539207596150367,-0.10747833354947636,-0.20522316562050757,0.6345865261135015,0.6144097333596634,3.7473849661093652,2.508280875179599,0.1349122988397639,115.20480626651803
0.11993991571485058,0.00997255882309922,-0.09280051235715187,-0.038363581429185695,-0.16480792882282136,0.6461212996031979,2.03120368268986,0.1098566493814066,0.07741298815460027,
0.13330523902042918,-0.2012523160393871,-0.14798124711398122,-0.0610987089347218,0.5875003772593905,1.2297087169658487,2.4672358600743296,0.37201336449065603,0.06889153232834128,214.95555167047172
0.2871283757488688,-0.47415278181784976,-0.1442677924281829,-0.22102595265377245,1.0421391320796702,1.0322694226549212,4.099087433902938,3.1949291184901076,0.11860055066701183,124.81616960203735
0.052524783292309196,-0.8116392441608855,-0.13330814320428747,-0.07295806807225844,1.774501914433713,1.0407461964608837,1.2986857712806974,1.2389548352818602,0.055090298548107486,208.36513063899673
0.2316743407706523,0.018053210028020017,-0.10779897435420048,-0.14850296887287479,-0.22782637061754607,0.579229298852381,3.065063795918014,1.5690530521834707,0.11226140350106334,
0.18988397856298514,-0.4678433528206588,-0.12317620392356037,-0.1361790543136638,0.9680353022854247,0.9052949291744853,2.8550290670514396,1.714406985283575,0.09608220929326719,110.40437992089804
0.1531529412979023,-0.4991422151071873,-0.12626045650789675,-0.11879990722921957,1.1804888321092664,0.9181982526643707,2.5771025853728458,1.4155118658322363,0.08229949721334609,113.150403671752
0.03779628855507952,-0.10271764560782654,-0.12939856171443676,0.011036194836797353,-0.1361664814355853,1.0349762473536661,1.097982325335632,-0.2032915903873298,0.05924498338125816,
0.22107731000310843,-0.33464792681802724,-0.11033516698835004,-0.1675740916570382,0.5745662428581175,0.7782604631128109,3.056129212407547,2.3897310566823613,0.10654299745532556,116.44827200144681
0.10266124659049498,-0.342715003858132,-0.12383387487311935,-0.0775017201417149,0.7859936019569955,0.9070400885577883,1.7153853049472825,0.6229771228271658,0.06914518320503704,116.5718154990522
0.1893131230165928,-0.1939635307805133,-0.1134928453722665,-0.12542115062928286,0.3059071514231636,0.8255863810308615,2.745211976980417,1.572558119791509,0.09664668524395449,123.77471154255483
0.017915216956625707,-0.4986694085795865,-0.08881803190230703,-0.005450280951915798,1.2649290943121632,0.6853905453023071,0.7493753369885967,-0.5068349934439027,0.05302061974525888,
0.2368107918379149,-0.6484248126322979,-0.14284125242665435,-0.21039351443341067,1.901441949281436,1.067611391285087,3.162478446945626,2.2494348317817625,0.10941617204989511,123.88458563124694
0.06853599613442092,0.023665547085716332,-0.12187158511520152,-0.011631237237789555,-0.008131434771484702,0.963102796005022,1.5670500898666766,-0.30037323701491814,0.05010199958512359,
0.2983523042922127,-0.5629128735670357,-0.13497948315243158,-0.23781415752391855,1.34299717747216,1.015064636246698,3.8415068165075317,2.8437151681616606,0.14052867552386,137.11450844111744
0.0962866985722318,-0.18716328162019313,-0.0909183043445981,-0.05918286666264454,0.09524348280766892,0.7157443764152123,1.3585748228997172,0.539094052566808,0.08348013986653957,156.64860488464302
0.21990047730481732,-0.25259026141700613,-0.1372486530745378,-0.1578486996724938,0.4762368783825585,0.9194475099091128,3.1564423733879674,2.1147138579558318,0.10946095208413087,116.25570650411342
0.15807863650541693,-0.3087265993586507,-0.09658296548018147,-0.07369717454893834,0.6047040137704291,0.6659081244240366,2.9501569217735555,1.0475281401411107,0.062355039648271854,147.18730929015555
0.22964484877240043,-0.6138522908418097,-0.1244379207983681,-0.1818347659114689,1.453676345068662,1.0163204035303768,3.561836273489807,2.54409585714352,0.10072614657455178,122.07250961344664
0.17628573503576217,-0.6017100620270042,-0.11028176084674988,-0.14100081371755002,1.4779775405368587,0.9407460497184124,2.9267277073527795,1.9299565467615083,0.08737990158301052,123.53447497869229
0.1593741649659184,-0.4844335557292721,-0.12091643629766514,-0.10865470681898774,0.9938147064489575,0.858600167835794,2.811960670821723,1.5980736427348574,0.0743168442024749,112.1975060748386
0.062057522874243584,-0.42226494809152,-0.10891262935318272,-0.04233359039960785,1.0273417010281893,0.7380397758546747,1.1704290572150975,0.030236815034613063,0.05990596058648001,149.26170854883793
0.05037666898641471,0.012954347658028054,-0.09824784575597374,0.004229148553856699,0.027265478421466427,0.6954269396041757,1.5259062141628406,-0.5234387152915332,0.04596359590848226,
0.2715783872940847,-0.5626753000503758,-0.13165786086152909,-0.20455677672992748,1.2274114630959005,1.0162302053196028,4.149748795392041,2.9581482319825234,0.10962000329037049,117.869318077444
0.3182503486017745,-0.2577997107395248,-0.12152326803366617,-0.21689947632853784,0.545271653403162,0.8101825836287653,4.0273842476328205,2.3573192052944747,0.13160033587581185,114.32196183099455
0.08325533632584832,-0.5569275822373098,-0.09281554715764809,-0.048190812019374085,1.2119571722673768,0.6105133157305168,1.6706958271511512,0.4284444174208939,0.06491009822556994,169.8072584028106
0.14930940878823343,-0.3281153834367888,-0.11786303162207877,-0.10451376931816803,0.41960089528713573,0.6666364172194353,2.1197868989668516,1.1933484932010623,0.09549999279783819,123.33339321946178
0.12720329467657696,0.10318748549944923,-0.07842473931915692,-0.04862302508919804,-0.8458916464854747,0.24406690475985438,2.22998261477491,0.992943166855765,0.08566039300146062,
0.16477986184257626,-0.3478912958198055,-0.10869964629741596,-0.10691688763166765,0.4246387616611769,0.7540002375414226,2.656272922592737,1.7599021653491147,0.0829426283605107,119.86182661926436
0.12514914810707334,-0.4240747432727755,-0.13748460055274608,-0.07769272984716319,0.97159224938272,1.030427055101793,2.7405178258390244,1.3349467433575233,0.06160800538497188,122.24252445425014
0.2015743197481141,-0.6919680687936773,-0.11739493897709087,-0.1620463215407873,1.3607404918890973,0.8377921040357159,3.3872817221576903,2.738791159554726,0.09022285593170112,118.08683214791907
0.18997904450536496,-0.6093577969879915,-0.12968722087168702,-0.16702870769619368,1.401166207804832,0.9301635775914783,2.541458133529516,2.073680071648857,0.10398675452765724,120.2413598838543
0.2669501310788068,-0.5407500046827203,-0.13910932534112114,-0.1875693504653555,1.1207501868454397,1.082917911898807,3.801196948160117,2.343620996150828,0.11527613462557881,114.14382476699629
0.1858690875857273,-0.4001006249562664,-0.0945428179387815,-0.12356005053102732,0.9620927745358728,0.6485797999613958,2.7091019934179386,1.1773283867521496,0.08769504635464977,117.72946933207842
0.24236858097369857,-0.06440442281839848,-0.11353374373676024,-0.15148722922536634,0.018241661282161648,0.6764401682274619,3.8017887940411237,2.140502114703403,0.1041989491580029,174.07197762546946
0.18197823470223462,-0.24227300515342873,-0.15342226008162801,-0.1028235562115449,0.29752901067800613,1.0233023974885782,3.1675003627062104,1.8273188944413892,0.0786745807762409,125.1921945357254
0.14967898601679874,-0.5304257828249855,-0.13857839450655074,-0.10683296919937482,1.121796164607685,1.0142646300548983,2.2740012773996656,1.0767343237301514,0.08811979987144035,114.72926013931277
0.25598647224738513,-0.48635180033553993,-0.13335410350592022,-0.20540892432346192,1.2112684564218954,0.9651676231124184,3.4748941312161863,2.4330758741782175,0.12268035216859219,116.80426828203396
0.07434797964050262,-0.42697914907819734,-0.07986464662313633,-0.04127489064940246,0.9781574421122343,0.5044321344354382,1.419968956759946,0.06837502822768005,0.064679348323795,173.38578339532256
0.14056314678468668,-0.2110980072317465,-0.08976753494793144,-0.0738697713689169,0.21538970468199914,0.6854852385958334,2.0104210861546243,0.4886383749437513,0.08450056781535242,136.84327850322222
0.18525153627682037,-0.5811229271117773,-0.13757260646887673,-0.13421928486264492,1.3112465578174954,1.0819701660242034,2.6724594725953805,1.1777122637098003,0.09288459759509432,119.15566129486638
0.1515336162589846,-0.3421924079027157,-0.11887552693382601,-0.11377828794486643,0.6987157010208367,0.9343130261392458,1.9940294630634912,0.9229991215942995,0.09288274636582677,115.6359596618431
0.20483286083446042,-0.5272896551920057,-0.12181530278110378,-0.16026514286471671,1.2687458633728739,0.825599969123102,3.35007100405886,2.463206911390812,0.09543612231804445,120.40702165103825
0.29844174696051573,-0.7754106838657298,-0.13855901028806908,-0.2556475399775946,1.8146706806924708,1.1199537748125539,3.734623273300216,2.9907138161312807,0.13354745605074428,143.8638292908231
0.164989870592469,-0.3248106831657509,-0.07374157402736699,-0.11273030038427571,0.5973380026684045,0.22814260349348314,2.605000831164764,1.3176881243539362,0.10280417687036744,121.07997878603446
0.14524740937221164,-0.34705116587462964,-0.1257120840594807,-0.10290350918845517,0.6598027820802752,0.9539366696519285,2.427030353658806,1.390108565124944,0.0768827968069484,112.29322141996678
0.16222767872482693,-0.4613728210811277,-0.15000638954011586,-0.13381233514516083,0.873351947771529,1.1227071191630633,2.4546595933704185,1.7142900832808603,0.1024454425444025,116.83788779520718
0.1558672225672696,-0.012233621702436026,-0.13276528952805514,-0.09663129036624007,-0.15203761542659577,0.9134020725736676,2.5564978166234202,1.1135921533620328,0.09204355109437797,
0.09963509348137176,-0.29374268534014925,-0.1441597556440144,-0.05611169170152999,0.5806101465305813,1.093053971102893,2.3830155472199945,1.0647603592041457,0.05380909135244192,132.22118469911223
0.23870781161034038,-0.35260069890840856,-0.10738500507754886,-0.16343836461615988,0.7021390718915229,0.5622613688798985,3.2731862149033937,2.1209137511746055,0.12134009066367747,120.45549864645221
0.2539742247450686,-0.531541070016551,-0.08842887046235415,-0.1836454022470189,0.9809092101336463,0.6259173351014637,3.518210195539475,2.664830798689392,0.12062960753462575,137.79393413971724
0.16834696922153214,0.21259889008487898,-0.12481971532130982,-0.08475569101002335,-0.614789743150082,0.8936933712794575,2.1666037859642016,0.28748778779382245,0.10156518559175812,
0.07797257629398696,-0.48269733123635333,-0.14455373033372398,-0.05884544581809792,0.889117617174238,1.037602336311802,1.1643843370593665,0.5066524328025601,0.06982819765146406,128.67556401782113
0.1390302534235206,-0.27806915561627066,-0.11553002027521525,-0.10313080028893902,0.6248697606420779,0.8524273437509919,2.223447960663676,1.1749737395945152,0.08418464413930384,113.47749916700633
0.13002989163860373,0.10531168194263846,-0.13237909745783588,-0.07801549124686694,-0.4317044303450761,1.0257799154296554,1.7608555193254603,0.5881816110601306,0.09110103282639147,
0.13117349457851274,-0.292912240761476,-0.07715996631528096,-0.0800950667969607,0.515369222109795,0.42275346740308645,2.2535268045369086,1.0817046958470344,0.07287488740859714,123.15832700451644
0.05973319818814998,-0.5279959348960443,-0.1268543812028839,-0.051233566250001666,1.10321381042309,0.9199532077233634,1.3673493957121412,0.6383593979035028,0.05409148452376553,147.38605122710672
0.2011633076139827,-0.23725924537861257,-0.11836046030999059,-0.14475888950919652,0.5205985054722067,0.6143767066246129,2.7076440944692504,1.701476127079658,0.10951355772974748,123.28260808909488
0.18564481242506484,-0.22676882363494283,-0.14536399689019738,-0.13943519120274475,0.9293292076191497,1.1827176119408134,2.7671604607755773,1.0519595002540738,0.0943663996738156,128.45350290007983
0.2637955924225497,-0.1036967532900136,-0.09589391146999215,-0.15510835636437087,-0.1672725582041631,0.608348441711109,3.553338028890997,2.1073967193552035,0.1206761212467612,
0.05902533586266259,-0.309786265788484,-0.11677653606196389,-0.03414794104470206,0.40772324320384973,0.8174036332971849,1.304284556405726,0.6033996426673836,0.05720559273498277,148.4296555153033
0.2928694632213007,-0.3039793467564089,-0.11454703417771801,-0.20218375588875587,0.7262079017572604,0.6777555462950715,4.151412952444897,2.6639987505539002,0.12256352226250365,117.81395303289881
-0.004641859431921386,-0.3850704057651598,-0.08271116461828945,0.018507588556303967,0.40080405366598376,0.39627755491104477,0.6385964324901461,0.0478228640554641,0.03627616378245383,421.9490970667342
0.13436571534085767,-0.4814987319557926,-0.10466256780501304,-0.08510209129905533,0.8990127831806489,0.6937176510185665,1.9982676667981998,0.7139145320984578,0.08806872808708831,119.13102153393882
0.05971684920545865,-0.36360044289850524,-0.09084778234975284,-0.023473398150395758,0.5935079459482315,0.6909502419893465,1.3888803536746046,0.13045223833465824,0.06364180778760366,222.27286821967544
0.11139701841456863,-0.7525839118850836,-0.12697537724537386,-0.10171287567143052,1.8848327725230107,0.905256128246448,2.154175776864326,1.2734927294246603,0.06935250976408279,130.30658612972684
0.20284043179643857,-0.5517966372936085,-0.12003900562990566,-0.14591603174634477,1.17588010934822,0.9504147059610224,3.0519073796427953,1.855614029694048,0.09535330931481445,112.75431383708528
0.17261473217147086,-0.4950903141838192,-0.10934372005176708,-0.1212391958337512,1.058371492093669,0.7724988491301165,2.545093142474922,1.4576145666605773,0.09364346541692356,116.13661161584625
0.2976693458715849,-0.4256174826787956,-0.13190040322471083,-0.2279007383005885,1.149939261357543,0.796770392730603,3.8137036882590842,2.6866524212620035,0.1281701014408978,120.4759307815248
0.2929567889098067,-0.5844458022358128,-0.11879574688882463,-0.21848379714019517,1.2279194255231178,0.7406747687262811,4.205304545048836,3.104369966529049,0.12217032843402881,121.35374213296107
0.18886510093114303,-0.18750143965949204,-0.14299627267603057,-0.12096839450343651,0.29169222421352914,1.052868869774625,2.5099408692679557,1.115353261637228,0.1047710825148766,121.23803749721442
0.2495630126977679,-0.9056356087853391,-0.14931223828110454,-0.22339932714567756,2.159321771464894,1.138894325533355,3.586314550570382,3.094678448796799,0.09990360869162568,151.4848185992753
0.24454353556738645,-0.3947721930035069,-0.14313654492248234,-0.1836364990836914,0.9493956464827863,1.0655597223404558,3.4364716391504926,2.128826675833673,0.11467070343373537,112.26514272966489
0.11226619712635903,0.0024700826906352003,-0.17734131867867714,-0.04982158216467626,0.03273330130554686,1.4204255934020518,2.10527211531261,0.18060349641442675,0.06319950018910106,619.7481027497972
0.17708660982326674,-0.39010875873663703,-0.13514239025439906,-0.11069304520829704,0.8785494491084329,0.9785663200662692,2.988230705401863,1.3127980170043383,0.0784686912275035,113.50220053410698
0.141099097632435,-0.1879831572142913,-0.11190550373885759,-0.09334544265862686,0.4377178328885003,0.8724442634106817,1.9507894245199733,0.5559144000379694,0.08419234740650655,120.1524625751797
0.1550503304674407,-0.28868444324051573,-0.1326177679748101,-0.12588670087432122,0.43603345893019846,0.9127735085441747,2.2589197583747254,1.5719411568532191,0.09665126929436064,119.25019913388962
0.20154677229675613,-0.5965683092239114,-0.12730206473794656,-0.14166382049963375,1.4258785944317642,1.006002562406263,3.0305784464517544,1.565695987585315,0.10030041055105596,116.76593198186383
0.1133170494481887,0.20539536806020875,-0.10839989543615153,-0.04692277172198035,-0.6831254884871985,0.6404083440185998,1.7633285365590572,0.24576406582699084,0.08245973579088947,
0.32616836492429185,-0.5689802724657395,-0.11601974624823037,-0.2483612156857455,1.2146821229976419,0.859029300832026,4.489991731782995,3.362057801008768,0.13988249390830507,142.56521444739815
0.3611778630946567,-0.4572133797831003,-0.11956307176382161,-0.2848702463044189,0.8631354714983824,0.6495866395426896,4.63694419645001,4.074795629171592,0.15603236559905526,157.28473425926578
0.2550461666815602,-0.39286388124758076,-0.15213162595858448,-0.20052272795646484,0.96314944820709,1.0759228102672986,3.443189728995368,2.37819875633328,0.11675921161499273,112.9188226213015
0.21365069108397425,-0.45645407160910534,-0.12206610195858071,-0.15972257859738986,0.6285995709040064,0.7982293134651297,3.247280314708816,2.845373217486281,0.09635845955592348,117.64212673002578
0.24577378862965904,-0.3441643316794879,-0.12283879903920528,-0.19262620139751085,0.7937397345292557,0.8054037891433776,3.5911761684109664,2.860111194689786,0.10968658979842819,122.49291662907538
0.2915659014719605,-0.45471320779557206,-0.11171710822910128,-0.21120545152169018,1.1322439691826114,0.718439191291141,4.280229188487401,2.6201954232541995,0.13228369309822005,125.99941656364449
0.20653806581627654,-0.13537844492240958,-0.13944958768610655,-0.14032627284744337,0.41795001800227416,0.9066224660752131,3.138776538001648,1.5036046452985383,0.11174106693408684,133.28152702017758
0.20179681888900594,-0.1765472630807493,-0.145953078019898,-0.12630003502983325,0.39498619622112574,1.0263685864138272,3.0257339246417487,1.219526938140242,0.09893346314935103,115.5062455778338
0.19523485642760677,-0.08521878767252267,-0.18073191335586808,-0.12737037536437745,0.5683058611412011,1.4237522547637564,3.2404267906488733,1.0133983831320785,0.07875773769157565,136.02383156662103
0.1762773334796278,-0.3272254010071413,-0.11694320712159846,-0.10098444437268304,0.4907995216100999,0.9054172222612231,3.132501925522165,1.5742830838046689,0.08184643193568225,115.95592654568276
0.2242026313551566,-0.39393268279273597,-0.10033687680477663,-0.15613772351892136,0.6200523245313638,0.6369799134915379,3.3888662043689957,2.2057560083184766,0.105665196047158,115.29631424597748
0.1375195930379503,-0.579177824550986,-0.07803362828632135,-0.1167599650157311,1.0972578895663676,0.41569312078749376,2.5084880737844273,2.0845504949726728,0.07543319145350721,124.30668708659647
0.14807176892765447,-0.5418679297381795,-0.1087610023357841,-0.11565264231685642,1.3076879952930116,0.8037644613002201,2.576512996500519,1.4874912924916717,0.0760340725768974,114.6801524715867
0.16362824982410956,-0.40374963934625074,-0.15197093537619905,-0.11164212684675459,0.9822999187605127,1.028727433037871,3.000803496534545,1.585695743980028,0.0683648838481966,122.32844000973589
0.22419497481428072,-0.03386881065637681,-0.15821913613504865,-0.12304680084491734,0.2711004486643329,1.1805159174065978,3.0816027913686357,0.6237744052401966,0.10540521127776742,171.09949762144697
0.2664404733448979,-0.5171226217548263,-0.1330708784810247,-0.20378879346498577,1.0353637655443786,0.9278753588963143,3.494399545520608,2.375228770051796,0.12988675670543898,114.92184063825735
0.3414108019068621,-0.4786788513749094,-0.15136918537801844,-0.2676375011018288,0.8344038260888629,1.020687216552712,4.597060575145249,4.038158917342036,0.15562328414654675,171.79054377022197
0.11876811461623252,-0.9786921886109048,-0.08918080246715512,-0.12885584386906415,2.03226990949867,0.5265596967081079,2.262099927424864,2.2379279716309703,0.07806090203595964,146.62478521280894
0.06557953864591097,-0.5732137200618372,-0.11465474496527438,-0.052918744541951945,1.4025022656858568,0.9542022311043665,1.878423348410943,0.824046151062357,0.04577522997945467,150.8764266266751
0.3096286877249907,-0.5661981204155042,-0.13841627741594628,-0.23201192927390316,1.2044061371210422,0.8901161191724803,4.069952670510223,3.018218535891715,0.13288121416106657,126.81662707702777
0.22097450865168441,-0.5530428662489465,-0.15070513672427985,-0.1557303356580068,1.683034269624427,1.2001974726504285,3.0725834043894995,1.1567449895542428,0.09855971033992587,128.7290599793222
0.31697251629233436,-0.6998341334127121,-0.185570445187272,-0.26993536162499954,1.618307304669221,1.3974831915636434,4.020014618230451,3.628150052067767,0.13237955781117394,186.6209724505257
0.15337643228696557,-0.3904115432159116,-0.10152494748582634,-0.09246895074900488,0.7863903698410963,0.5995802141352145,2.6442511910579976,1.04320982937248,0.07311036770238867,118.92444293488671
0.2727590060308894,-0.2758107938705844,-0.11906532996654695,-0.17892302382190395,0.35739027539113777,0.662145755954662,3.543351037201123,2.193046744489872,0.13199527640867162,116.16229888521544
0.10102604402062325,-0.26389709597887623,-0.13817397593649172,-0.06699031028189713,0.6491398810612814,1.0155117669528253,1.3260377580001106,0.2203939704462634,0.08052016531177583,140.40955659832147
0.1351941357151458,-0.23854003022306577,-0.1132915860784432,-0.08425173033986748,0.42847463483516735,0.7341034328984658,2.3371631050700308,1.0626907565379122,0.08736706086795729,124.19611380634169
0.03378920652859885,-0.2815199081397824,-0.08135614771215094,-0.0030010246000473917,0.37816764497992034,0.45142778945306006,1.3164810180976776,0.2962109266220847,0.041944277092746,262.82371184833863
0.22189530527751414,-0.40280579210330947,-0.09590744070521579,-0.15038058600567655,0.7501487869806197,0.49002140127195676,3.2084836483242283,2.0717793543084495,0.10794059224795458,114.28484620582061
0.034736634229411034,-0.14518838994600497,-0.12892114386242653,-0.005192569189918728,0.15770618839096673,0.9102387598849737,1.1162812778145164,0.03732957362177003,0.04746888092289837,419.7716873338457
0.1599704845949721,0.27393418398342717,-0.13430797396913896,-0.04635574821664078,-0.5167391705769924,0.9494972912214004,2.7974647651900963,-0.11802764304098523,0.0767042372835735,
0.1036565717663405,-0.02867347744772858,-0.13310314536939202,-0.05627736500900481,-0.12260856353456051,0.9242314532513156,1.9841482724321517,0.7151401336333417,0.07312566261846744,
0.13238487860115056,-0.47263995553041016,-0.10889245634249584,-0.08085689719709442,1.192317444290223,0.7686323669666373,2.6560074465515573,1.203702855994934,0.06587861592178428,135.69950044942493
0.21360744823290503,-0.7659286169081903,-0.1224990179294474,-0.17149028638293068,1.6156243622062456,0.8841956496141361,3.082872910056114,2.3827420015010974,0.0999067485064388,127.39347141305032
0.18418236339301125,-0.4666937528832744,-0.0970411335414611,-0.1498797375133992,1.2762203781471004,0.5729674615701854,2.566719082792753,1.4227378725688458,0.10880392034366608,118.82912218825852
0.10991562450704466,-0.765776720454042,-0.12593297136999956,-0.07747894404090075,1.5083901372570554,0.9813548294588397,2.255650747447155,1.4754553332464388,0.06075933220392535,144.5550040799584
0.22899769454223298,-0.5737925683369554,-0.11750701720351701,-0.19690067549896978,1.15586138428612,0.7806284642964089,2.9476581920319047,2.526023128929735,0.11432327095616064,115.45733707965319
0.1512940810038482,-0.37033265402962023,-0.11144176531026465,-0.08304907401860404,0.356175457211517,0.6827850914731954,2.2393218117264913,1.0083258566920574,0.08510487812068351,132.85416615378625
0.25052769689583176,-0.17275654586059147,-0.14232208279072112,-0.19639456153449525,0.1770393686885695,1.011803540351155,3.201890334456158,2.4049300405997087,0.13765456389147862,135.41622062379463
0.17486052778789685,-0.3920144521213588,-0.13189865148308139,-0.12518429445935536,0.5687828058665378,0.8386662451133039,2.4901471756353506,1.777415315712954,0.09140324342345738,120.16945555770201
0.1640162347920843,-0.2659488755912347,-0.12045920474740758,-0.11248767503466174,0.5376755643809317,0.8441064460958487,2.4495739362726616,1.3028205293278772,0.08709596995355887,112.41824144024537
0.258557342277456,-0.6239914734420444,-0.09871736881165519,-0.22544940141551434,1.2595256799768666,0.7098077473069211,3.788961594146002,3.3268062507676985,0.12172161502341997,134.7632595335202
0.09808878542970982,-0.06000977680790831,-0.0708749319284087,-0.029621780408725262,-0.32776930441289975,0.1696387486500569,2.0382440719637502,0.4349567802419805,0.06818007551135,
0.13483391608900067,-0.33579354080945284,-0.1588790535188976,-0.09375093623168029,0.9011570769320794,1.3170895837905772,2.2685671314875755,0.6808129528546207,0.07130057446772436,117.36430991264487
0.1900720044531567,-0.3220501544136558,-0.14794815658225335,-0.14074819932525864,0.5081918845728615,1.0137145106980165,2.7105591272582394,1.8252432254216604,0.10584713411477228,113.50868765611193
0.18766551711449986,-0.454223415849878,-0.1423732960356291,-0.13991347945518054,1.0699111254317988,0.992242945504971,3.2039783081243267,1.9803992541400262,0.07676849221143364,122.46309156840559
-0.004363288264902232,-0.541378323347703,-0.08396908404971906,-0.008608934946014085,1.1012022578253817,0.6303301273141595,0.5733774546658679,0.0391336515283498,0.04426916330114943,476.0188299383701
0.1862621891284063,-0.30935716868768914,-0.15487660379500887,-0.12577525901284742,0.8927177559575066,1.2280921634862778,2.786644468908692,1.3437582223049516,0.0920030505309219,121.59613785284205
0.06714471258236192,-0.2488374030703567,-0.12601272999791516,-0.012710853572712996,0.5747831534755117,1.0281547842425511,1.8811825938804954,0.188076480977579,0.03680696019944749,502.6242532973755
0.07343968454093322,-0.2943037928468263,-0.1351002856678565,-0.036288414010498315,0.6362548080478478,1.0084540752063422,1.8448355805267322,0.6210387142352773,0.04240051927642726,166.28179635062384
0.19442159882434742,-0.2920382686064006,-0.10366671096028367,-0.12109843701262114,0.464896147735145,0.5900291352925973,2.9825703700131196,1.5611080665032893,0.09889429339509412,111.82981982388452
0.039701363880076085,-0.10863367648086542,-0.1673961317207817,-0.0020602943633150766,0.2968982284323894,1.1827250176763542,1.4214850022730248,-0.2607871455088131,0.043408055345080236,
0.30213484440680044,-0.2737086189110379,-0.1449464248371271,-0.21597761157682094,0.6498782071940826,1.1516417364384788,4.058541089224119,2.384457363461364,0.12346217045465459,119.32232684011046
0.07709336360296332,-0.2636545839057397,-0.10295450468177268,-0.03016422662863444,0.3866641549372041,0.6702578296642885,1.3963472342166188,0.15874991113773418,0.0640394650457066,206.58733262558894
0.16835013684289282,-0.6667217724194212,-0.0592704405910441,-0.14853351007845536,1.1954171274632162,0.2665662316639855,2.5295467574945527,2.33098942509658,0.10107860663805132,140.29690740018256
0.18536091777220834,-0.2947749162673924,-0.1297876425459089,-0.15099859650232558,0.6280318803349206,0.8795451125589034,3.011267679439942,2.31177033549512,0.09677866485542111,116.77665472203556
0.2631990115635711,-0.14980879389543406,-0.11359147581717965,-0.18865793951537999,0.3168566376548294,0.6769137467937054,3.547126053777262,2.22721876900688,0.12069177374942645,125.02261658515516
0.23312011419121773,-0.4026752960648956,-0.10713909690707173,-0.16608921164942655,0.9857308709376528,0.6643132503480986,3.635714184509783,2.18066952115082,0.09114156125077541,121.50602800705158
0.12241293746924786,-0.4485840290623624,-0.10965504224385647,-0.07133079079272525,0.5542988529377535,0.8295264576180699,2.4197379246068267,1.5194073345140504,0.07331577715714381,128.46337995996984
0.13571463834562686,-0.3844782358040249,-0.10256999227562845,-0.07221249395392587,0.5141189183408801,0.7652657862114913,2.9751802817844726,1.4920716775494083,0.05772280871958769,134.07905998829534
0.06588578713120607,-0.4034104787465192,-0.1232155577394434,-0.03663421294517123,0.7494191832479522,0.9237440190872295,1.5415491259678902,0.38902228541539885,0.05605942069213893,149.71845084385276
0.1897255348225089,-0.28891870795708674,-0.11563255779145787,-0.13205104049064456,0.7114933979242654,0.7628589361091618,3.0142832881746395,1.531048923549065,0.09166196646979091,113.57228692465071
0.17788402512988544,-0.29676435461087797,-0.10983540529840026,-0.12440648999778267,0.0768286434926968,0.47401903155480585,2.65578491736545,2.1965588990534504,0.09783424733389787,176.8676551500654
0.14513455450805823,-0.33238034733905103,-0.12150220231776529,-0.09196398626303953,0.8237791873398417,0.8608044336257253,2.227567540875971,0.6038306955750026,0.09193973800633247,120.13841495862752
0.2220747077610534,-0.6325519269620425,-0.1361229435008695,-0.16779797235771662,1.4461676106993235,0.9090212189833922,3.626863968696228,2.376889568093543,0.09423441689500403,114.64910405217739
0.03964696238031143,-0.3730987391018564,-0.12558413727713225,-0.010196832491957769,0.9130795768188764,1.005687716829799,1.0539002553843957,-0.5497907215646927,0.04567708067177198,
0.13600457769740265,-0.1086945729580312,-0.13575442409002508,-0.07435826789444104,0.25574108453334043,1.1856863248569212,1.7533536545653265,0.06389492911409578,0.08531668106082496,211.70586847804395
-0.04196616118660834,-0.1301442824502949,-0.11181103390230702,0.04248400596326224,0.04782429354180795,0.9629489616029021,-0.025033092028722503,-0.9201471723395245,0.03433932736829412,
0.2823978722913665,-0.36570158863895685,-0.13089022062926156,-0.18641509133588685,0.4626674319523889,0.9357677461987521,3.9355637171373155,2.6931111530423304,0.12223160040607008,117.91665397018178
0.15294530499156928,-0.5213203103934057,-0.16735950979538647,-0.1291423871984055,1.4959277249383198,1.542980757447002,2.160699798834204,0.8762598965076588,0.07994546159008203,146.1101489976725
0.2379385899033047,-0.4131371821030238,-0.1306463721042979,-0.1661609159282823,1.0211735321820485,0.9967185255969543,3.636313373775578,2.1099283895438803,0.10254777513889915,112.09209336588782
0.2530089956538159,-0.2455111982486352,-0.14519792415042335,-0.1921638709210293,0.35874954385964336,0.9122447015827655,3.243844754005445,2.428726754475174,0.12285820068233566,115.95227050188251
0.10240227754268781,-0.20692052108428685,-0.14745205186896113,-0.059796427827100235,0.5781414264744313,1.2993571315470342,1.0838859592216372,-0.5658840248347015,0.07686615683248138,
0.18991064366469532,-0.2232810268262256,-0.11839611976809045,-0.11549662787654484,0.4972169541591665,0.7643332272061292,3.175934977372954,1.598065794490099,0.0867584971417859,120.04848752130917
0.2739704688226504,-0.07233872425697369,-0.05860852525329461,-0.16347092868660174,-0.23393209031864193,0.1894465220429331,3.957332449752222,2.0582941390051177,0.12762363046093553,
0.08977466995012855,-0.5672682641429313,-0.10863253879214528,-0.0926241254840023,1.1535166075188519,0.7738008550400383,1.1734842607832852,0.9993637572113637,0.09061671982444351,135.01297792414664
0.23819629382681157,-0.46113609515841353,-0.1013618144353559,-0.19425635009602615,0.7367030397225146,0.5445277142637223,3.2941881883309585,2.9232698804078554,0.12439280604799485,117.28591094201266
0.20787785738559636,-0.23267219107424295,-0.14123856550719213,-0.14594335880442524,0.3099895264701766,0.9595567516928238,3.068473177147973,2.11011951873581,0.10144145708003866,114.98425822916752
0.3199205180040893,-0.10994287534983566,-0.15832299064606165,-0.2179198449995812,0.13262902643588814,1.1402424540325886,4.278598515150224,2.948818135162467,0.13418745954228334,177.91825797697726
0.15227825071165663,-0.4373032773560229,-0.11317161356724381,-0.11024387373228148,0.9291596688478153,0.7272515551455889,2.19905254911951,1.2729477924693213,0.09591256259285719,117.32105999274609
0.216833057729776,-0.448621272388911,-0.09925594314120054,-0.14695669266942626,1.0073820277108327,0.7383155092933086,3.2735735543081557,1.7863259577486827,0.10081056137547638,114.63786880760355
0.12531117503073277,-0.34593873860541324,-0.173454111642496,-0.08379418634342327,0.7956474780076478,1.3966533582856036,2.0904112939417634,0.606265121827274,0.07941725318810954,120.259032718371
0.17090738044823553,-0.6000178542606944,-0.11582245603827598,-0.14848472950353597,1.3820380119239843,0.8268916925071976,2.4745417592959194,1.9213773512152927,0.09352434073558945,116.25782184733433
0.18644241396790562,-0.0015699531021873825,-0.10183566112746893,-0.08393436630392523,-0.21147953824658772,0.4573682973923806,2.931910019773397,1.036055248795161,0.09593078248910612,
0.23783326399765733,-0.5637272679060196,-0.1459573785090852,-0.18193203286755735,1.1266344121165437,1.02960944615378,3.2563745690108243,2.3981019403091546,0.11466278313497258,118.94096118585333
0.0864209476246307,-0.33702311662208473,-0.11219875255138757,-0.03891388038143899,0.7178634178878216,0.8848099353583874,1.8219959311105178,0.414207102762179,0.04733576689654253,187.57155996269418
0.17928389194627772,-0.33107559364540307,-0.1354291484334381,-0.13388287516913647,0.79341434302373,0.9362378759212551,2.6935050383554517,1.6059907095178017,0.09139666495718202,112.12634801156514
0.26114405977748406,-0.3759744280177365,-0.13205583158898948,-0.17737089538179254,1.1072609480649025,0.8701512694195296,3.8908109511899376,2.1334017360679844,0.10438617920370175,115.05525068508352
0.14272373809517572,-0.37584527688130276,-0.15965822183157707,-0.07586305865438707,0.8575887957366106,1.2434200424500859,2.839514157722027,1.060873905264897,0.07244223588044402,148.63212614185184
0.16676157081640897,-0.48462493660949424,-0.13209032132514922,-0.13458979264185647,1.0698959978315594,0.8578078537992857,2.651900325772251,1.7650784379284234,0.0905798435870165,114.52077433927649
0.2687369969139689,-0.3788506864915916,-0.1042762211917733,-0.17886568202343178,0.8473541802187222,0.6914878375957078,4.07776361742963,2.5514479525413782,0.11257713980274728,118.7284408522342
0.19990849508370484,-0.361012822692189,-0.11092749952818177,-0.17372418914654603,0.6970263501521057,0.576310634265139,2.8976645539743053,2.6096191013647854,0.11555512944484268,120.4189582122199
0.2695657984214008,-0.41957647579806245,-0.09697837474149011,-0.2088841371695591,0.8161379074287226,0.5712064677548289,3.6247102469449537,2.78476970458262,0.1307653867956075,120.55931964507569
0.23370957217104504,-0.26649605202499327,-0.14451577808796817,-0.17465961422481185,0.3271286243612746,0.9880173817965727,3.608952769401699,2.718794173532591,0.10697210730469221,116.86413270547673
0.15834631485102355,-0.5386140557541969,-0.13965437168565953,-0.1318658283511665,1.188820598014533,1.0667658343913504,2.6249845185248937,2.0062661124293535,0.08157009530888593,114.7962292818581
0.28247331744224924,-0.6043888988740987,-0.15627354750722205,-0.2225104384532345,1.149321825768159,1.0555272585295477,4.007716551018281,3.4083615134469087,0.12573649457102953,142.3999752266008
0.11308361006870445,-0.43821501875963303,-0.12041602933303447,-0.06767783990177953,1.14360080671392,1.0613138980646877,1.913766710683168,0.16222934883115814,0.07061320409507454,134.32966363891336
0.25722113738239183,-0.4345034123294156,-0.1564353616529804,-0.1761961696371849,0.9360960379113584,1.242528013503823,3.9299576491815222,2.480262634181872,0.10525366746291095,116.37463008133145
0.12936556661381138,-0.31844277669058896,-0.12822460469089608,-0.10183155465468756,0.7772816160130365,0.9657672806798031,1.768314140797103,0.6643247512570317,0.08235373346001972,121.52898427105141
0.10853845745108831,-0.17480596964148679,-0.10530806874834898,-0.04507004428797873,0.22731084319930006,0.6486048223098937,1.8881948593395688,0.09228785146736573,0.0745312379403418,200.36477490851973
0.2000964564032907,-0.26989641374516415,-0.1788169981689442,-0.15170425241686625,0.744150605625754,1.285108013283946,3.1891444521448995,1.9960255342860735,0.1011303679785423,122.58672032074155
0.16944214615637423,-0.5106550668785342,-0.11505178961282864,-0.1503706704798652,1.2084515437814867,0.8252255519398988,2.6236814703107196,2.2008109402085596,0.09644347324831824,122.28758313038352
0.15006535286118103,-0.461305760372949,-0.14412192768592186,-0.12425721744162103,1.1101696422371445,1.1279474129472755,2.428907969956436,1.5736829479570678,0.09211532976492766,117.20454760209955
0.18286980582983145,-0.4277527158063453,-0.11756143373926824,-0.1343152086138867,1.0955973407399353,0.8217451739435359,2.8592027505681714,1.7054229018049438,0.08836097356225588,113.58902661980154
0.12328238233000476,-0.5423016768699616,-0.1346651412863697,-0.09463615046191187,0.9268145593267492,1.0462234552719836,2.270015790896045,1.424415941980719,0.07696571818998892,120.66094348885233
0.1740426621299587,-0.6603210868944758,-0.1409936804385333,-0.15209305241646168,1.7487693353060565,0.9475886840660587,3.0875265466719752,2.4230349490724947,0.07839350772515231,133.0193577711883
0.13458819008370212,-0.2504701350968177,-0.11587428445200251,-0.06061865540524902,0.2128683057683619,0.702754953560142,2.4381920013005374,1.0220125041441692,0.07532170265282162,135.62134834273184
0.1681680817635277,-0.60478035157577,-0.05985463608247466,-0.1314942105805401,1.027537540533373,0.20135505835027057,2.7408641850381064,2.5200449092603976,0.09782630479339081,147.61752893078426
0.2257978073478556,-0.6539460367975736,-0.15224934714522442,-0.18930276978981855,1.443690320724966,1.2884489448728016,3.036898224317492,2.2254847164623905,0.10784674729179085,117.68031998860273
0.0808104540714688,-0.05988707783247821,-0.12807982927833442,-0.025871131800400363,-0.022096861653021826,0.9105981153186828,1.736055194689159,0.1075964498555706,0.05208762395662305,
0.27060938639128385,-0.4546460804550267,-0.13640695196156938,-0.18864402517742362,0.9919759985668737,1.001641235047118,4.0136756654898385,2.4964540413161114,0.11541277528981006,114.50233171582019
0.12888830978411295,-0.274846317766341,-0.13500283976206257,-0.08292757617151156,0.4880111616594483,0.9451868366344778,2.351021455060871,1.1880510656910328,0.07731130494403493,116.25221333511104
0.24305206577377025,-0.48082300067816963,-0.15712953500922042,-0.194901480100497,1.2623495857372007,1.2739223184607833,3.0633620792932863,1.9741473204230537,0.11534107945361559,115.4019746315546
0.07129435277299345,-0.26767640661857656,-0.1430790077469927,-0.030214102056086087,0.6178846502038391,1.0246689453290139,2.314818844495251,0.8208301126244624,0.04576704302117462,222.18113388509312
0.20028547929649698,-0.2488447555447526,-0.09150496626539753,-0.12626730568984115,0.6834173389941517,0.458476536279568,3.0521642534419926,1.2884102537402504,0.10032229459992903,119.43881102745978
0.10696843419778572,-0.16955993486097834,-0.1142659838447886,-0.055800099669521694,0.2905490776078949,0.8379808493059548,1.6132888976690425,-0.062309064529129765,0.08707425490986852,
0.22867696501989337,-0.3637873396072635,-0.11344694527085668,-0.1578273116577442,0.5664534896880412,0.7177851995277051,2.9954450057064728,2.0629693614516116,0.11400990774771462,114.57876504850347
0.2720699138588651,-0.3880788297208562,-0.07481138979315066,-0.1966889548588298,0.7868478715267129,0.4114407585780827,3.4614463470877754,2.3479706856844107,0.12642521459279,126.16948313751274
0.22406392449053358,-0.8043408507845664,-0.08997300280010502,-0.19866761370619804,1.6483806768249156,0.5520961690578324,3.308819057773043,2.9736980343444808,0.11728741975375362,149.81424196291022
0.24648748292835443,-0.42141026275930626,-0.13734493477175103,-0.18077851416786908,1.0580185144610201,0.9976725772466413,3.444255040662302,2.0287579965434235,0.10841480955242475,111.59490367482337
0.25248212238421697,-0.1448699978373744,-0.13089838342348722,-0.1721428057776846,0.07588860654179408,0.8829158634435811,3.6738908064866997,2.2813429851053204,0.11245605014133224,118.36347416960754
0.1046716221951781,-0.21628020942403878,-0.15425705357005595,-0.04916299435353874,0.3226229256955262,1.1532863658119745,1.898262132222499,0.24103045908027854,0.06548432111403821,156.7559597247242
0.15574660336123106,-0.5074236484635383,-0.09716753488099683,-0.1042294762565576,1.2086638753138712,0.6157223725429748,2.8844558552570683,1.3072842312308905,0.07723420104374311,115.05530967683457
0.23901837096913536,-0.6514858376021734,-0.09865800215346418,-0.16944948259890283,1.471460475794374,0.6670830878275448,3.7434040149100185,2.5019576197592586,0.0960693690983826,123.92213450472141
0.17655603706456804,-0.6817948475352531,-0.11321705815745643,-0.12060289764961846,1.598302299545368,1.0058924830410967,3.138804614222712,1.7715697872545908,0.07041559812988939,132.0326131253134
0.18231760766278862,-0.45150490318381054,-0.11191296999947531,-0.12563905060593286,0.9862577107130959,0.78376571697678,2.908802936045277,1.414881621277721,0.09788531417950028,112.60843039089744
0.11640717300115053,-0.12503867064390306,-0.12600956512204145,-0.060195519628707644,0.26768989149393985,0.8098223794964036,2.1786204936110063,0.7012923650580283,0.07365075346728181,225.79721707458324
0.21377872593530173,-0.30193077416694397,-0.12576410128015592,-0.1652202777558991,0.37276320207218117,0.8743083186997174,3.129058394597987,2.512654956968741,0.10353736103049897,116.48519675036887
0.25896623733042673,-0.38250005875956833,-0.14361607154103806,-0.20192296953022196,0.7022271903515185,1.1422290418117407,3.333215429298228,2.6691741645328104,0.12241840244207208,124.1888335138684
0.27753446740053106,-0.5321611233077126,-0.12861643785609764,-0.205167056481327,0.9449917870419374,0.8693912571434963,3.80910421472271,2.8398499520361273,0.13085699456720196,123.24283847052126
0.28399868353200164,-0.4628287137043575,-0.11496446350619345,-0.2206631759316044,0.804054129319439,0.7214514485683702,4.179317417014002,3.4537953642235033,0.12533116695900803,121.19937253880269
0.2877204975705249,-0.5624982955786321,-0.10537596989979386,-0.21485894236834474,1.139690317308998,0.6354929289264445,3.9696327386531527,3.055825512446778,0.1248985458140233,126.4666088549732
0.2002291663700608,-0.012498437217461411,-0.09201229979122624,-0.12503785638221865,-0.23828278818078386,0.4760029130327937,2.7144205039854734,1.5367365727723576,0.11417947278541343,
0.27576142776232837,-0.05715088578619648,-0.16173920833203742,-0.17382931392179374,0.147223071275837,1.058270707841281,4.091960472595612,2.3264237702154995,0.11615888298375404,193.7378615960802
0.2586424790146438,-0.3668594187730385,-0.1198359673528431,-0.1810805962475811,0.5840222697917469,0.8868956719490532,3.581771608451451,2.246044150943583,0.12146430881039871,116.46683551530856
0.13619970221219924,-0.4973803219630377,-0.10004107937968976,-0.10564586693890148,1.0247227037416733,0.6200257331082601,2.415249095990674,1.6732520445987635,0.07598141943081532,114.22731517556825
0.07207867297950933,-0.45446336306811197,-0.15998282273123493,-0.0576595672832028,1.0268494640736114,1.243307570687781,1.6324640385549838,0.8801794469513603,0.04920128996676041,132.55415980166873
0.10945791445612284,-0.26602685641242974,-0.10414133547663716,-0.052406358805063724,0.3561300899024512,0.7281025597569794,2.1030668395759284,0.5949025804702457,0.06758683700538283,131.03663544683167
0.11625598315405908,-0.29982201321266755,-0.13706238065144638,-0.10169785475140922,0.7909361725090187,0.9818040938985502,2.0340183586472076,1.249642026481173,0.07809023819362716,125.32930534586073
0.19523688672074985,-0.40200663548166443,-0.14625608942387794,-0.1287588332000279,0.8560212202509205,1.0004559479375408,3.206996542508877,1.940024763341733,0.0854794265404776,116.61712257041083
0.2240836927499308,-0.5128356697567765,-0.12969882220473122,-0.15474463415395967,0.8556358819127472,0.9496450003842132,3.4841995908606913,2.4317463239881043,0.09434168681535685,114.51548448549245
0.07788908793495479,-0.6465437357334114,-0.12021138271887456,-0.057824741758757875,1.42259128249342,0.9089666647109046,1.755233103610415,0.8537486483971083,0.059835920968746396,149.08162769339583
0.12903876887992793,-0.16092333761487898,-0.10604097878888229,-0.0790696684046043,0.48741047235759505,0.7219769229640445,2.4074406608297085,0.8426694592282364,0.06838757221395238,140.28861099535823
0.33183576305869733,-0.2245263282442188,-0.1343481864437775,-0.2328800752880814,0.322069708005636,0.9133432165169543,5.120749389319972,4.019185591035806,0.12398345780422895,145.7391147916851
0.18066438071599975,-0.34045220065895604,-0.1145335208622765,-0.10996256863181811,0.7377137652385585,0.7772499725509318,2.8765110263156655,1.4561785435026813,0.08756094730205118,121.313693194408
0.16454792251001824,-0.1229903054846464,-0.12169897629727022,-0.11523469531128788,0.09629944102021493,0.8386687523471069,2.3834300867698754,1.3378714096912971,0.1023356076808875,140.7259291293975
0.12804482966495168,-0.7330675642488331,-0.09215479680683628,-0.11749200467431675,1.6634060206945407,0.767612044942276,1.7701120392331933,1.2883802422911428,0.0741330309640338,128.48691164555046
0.09390319244875446,-0.031743612233383955,-0.0819604830563119,-0.035017662174049516,-0.31380460470954175,0.3710564487476888,1.5846597086325518,0.29799539579529677,0.08262178842155896,
0.285640089699115,-0.288235577431047,-0.12244976861604628,-0.1918336784630667,0.4440263311888433,0.7779942320429655,4.164914179104592,2.852962314343938,0.11811367925123376,114.28099251100343
0.1884537912251043,-0.4314236823209856,-0.1268295513066281,-0.13169686531222013,0.8135442867425638,0.9086781200159411,3.2316653885684015,2.2321107419745965,0.08314407909130783,112.66060658604277
0.17389423326192036,-0.305001123043358,-0.07817940277494048,-0.11339913092532203,0.5370763733727208,0.23102484672756451,2.521678932244132,1.3694897036988136,0.10040079328793414,120.35482706314703
0.16639530262935154,-0.28412044164229383,-0.10047268410525112,-0.15482508246127213,0.7546837040463524,0.7512608239487483,2.160393667571455,1.5412730062627138,0.11209642819795643,128.8102765659716
0.2571316928377992,-0.6068552309899274,-0.14034849294032004,-0.2121142509519458,1.5733236672158197,1.129568972340937,3.493519081985336,2.4166231306371433,0.12528307568147073,126.41977898645071
0.0394118553134942,-0.5599088785228635,-0.07721893727376422,-0.039104860843759526,1.0050054176324195,0.5739023866638243,0.7828651274402867,0.4082643947592821,0.05990296586613398,207.09901114361833
0.156107267138972,-0.18798511294272055,-0.1034470131297,-0.08189988705112412,0.5304270922214738,0.6844308444639403,2.691298213468908,0.6422828617162334,0.08057015844231631,142.19995046388817
0.26048985092535487,-0.5606047501339145,-0.11600627314823969,-0.19420711357334564,1.1448741737544004,0.8459171128657594,3.797859352051846,2.799143189068602,0.10617515925730102,115.07844453136337
0.0636320295134823,-0.12870832726520298,-0.12275968488645317,-0.028798322849969554,0.11856444546805844,0.9149391021747109,1.1755753633281854,-0.0010200725433930913,0.05599512032386785,
0.12764966063885338,0.12325637109842563,-0.15613959246946452,-0.032096714581688085,-0.5215842727953248,1.1653025315368084,2.323866320640357,0.04813411553839542,0.0708507793613494,
0.073864790408226,-0.31059131612496116,-0.10937885870814444,-0.04347620992156864,0.49595633315019505,0.9172877395354334,1.1559883093225218,0.19523633109795968,0.0707573505246409,154.74464104859686
0.182718367214042,-0.3149910305650438,-0.09013431549876341,-0.1350984171122403,0.4324753821670339,0.4776477616505441,2.7133257664086496,2.216449073561786,0.10295443915636765,118.02935636969704
0.1972331206836808,0.05243863318683112,-0.12875309748368705,-0.1059873541580019,-0.7012107552489526,0.8507918551955295,2.793583593874508,1.543463868253655,0.10306370014344352,
0.19754697809921276,-0.23372628726398106,-0.12879453467504892,-0.13027190266443248,0.052897958352437935,0.6425226313068901,3.076077349784426,2.2642686632264826,0.10256937556652458,130.45744275378127
0.22925628185839503,-0.46482227751191985,-0.09327823231953633,-0.18645033864484145,0.9908404486793876,0.5815384342469223,2.9671027144660944,2.2447237167302863,0.10956487143315069,115.56794831506576
0.2779983302633311,-0.5413085865834868,-0.13569315932159182,-0.2247096291497286,1.3419620761566038,0.9999523325309237,3.9767524431822094,2.8697558262823244,0.11786871963985794,117.67232962116942
0.1390746550541216,-0.36301137370507774,-0.15696315355983956,-0.09983793630022705,0.6687227948313801,1.2604531370080199,2.537634212887651,1.7300051980768485,0.06481737485610044,121.48810524516793
0.1773599203769475,-0.3750343631601914,-0.11425198956987616,-0.11272277958564943,1.0077739870121838,0.8902547733123024,2.647382044904728,0.8623125273643892,0.07767546511624777,123.85504730720665
0.11489832984694714,-0.38429403239956966,-0.11719234380001135,-0.09662042844964756,0.9128712223887057,0.9342456216866295,1.6829058077248038,0.955602355234605,0.08038982683878677,116.78198776427647
0.1123526018453249,-0.02174038413734175,-0.11277697602181128,-0.05631157451773529,0.14521778505873162,0.7091807462157443,2.078707342798441,0.2755843777563183,0.0795131696197149,395.61866175990826
0.08139981526255644,-0.45825200536165916,-0.14424203482855755,-0.05642680116672512,1.0862953022196054,1.2250123861918278,1.684159631089694,0.38166139013314515,0.07001592153393431,154.7645732746331
0.15671013839612458,-0.2948767788330664,-0.13335593671517662,-0.11921620428899309,0.5457777746780382,0.9023633630648182,2.495820311993986,1.5511510408246516,0.08279348833111619,120.53669308219952
0.13496872004713145,-0.24813523052244588,-0.09890192030842687,-0.06736283518382127,0.5045180971251235,0.7104406161749323,2.522190669355708,0.8423578167942183,0.06407888352060168,148.1702321911035
-0.048457937531107664,-0.6595289627484913,-0.0973519156010647,0.04124359516232276,1.408008957104881,0.8444506616131272,0.20210449975878397,-0.5678967656620273,0.01782344956139391,
0.1385738687308177,-0.37754621262154975,-0.12291732270771062,-0.10202740016805861,0.7087727920777734,0.9623263606083685,2.4573068526996615,1.3964665812894772,0.0785286928337219,116.1845451609493
0.12730244896572246,-0.4957904160150751,-0.09569205084694743,-0.08646510339842245,1.065127786474271,0.5367127946598609,2.055159860069018,0.8601979974978359,0.08449139965196659,119.34156378795157
0.1713594471592696,-0.6386277190894414,-0.11597331660882054,-0.11855457094872016,1.298230231744181,0.9032275544463569,2.529463667066648,1.584780521911656,0.09288160633917278,140.72067890227254
0.2150787634667058,-0.22592121015681974,-0.06952361839920088,-0.13700739376477752,0.007306449772891743,0.277659123215913,3.150817845313088,2.117260664564936,0.11455281927429835,130.5548071705847
0.08994704710495051,-0.4515792969413488,-0.07549923151213689,-0.06813499615808366,1.1157096774241773,0.3582465156480312,1.6534492788604356,0.4222202459558366,0.07131959484728459,132.82157728964617
0.11563107096567457,-0.21256601696941832,-0.0974556370397653,-0.09023736808526187,0.5896462823889453,0.5200078529742538,2.237415134554969,1.1162316940939174,0.08007857896379607,133.85102650622585
0.20585117461203128,-0.4245426235157653,-0.12735859767521182,-0.15543237188235826,0.8474430488152748,0.8254260790337687,3.1116399123841467,2.2735008615654366,0.1006302013890811,112.04594339345505
0.19466361748243724,-0.14089855681590768,-0.13756879668008778,-0.12715930935375996,0.3222708291630087,1.0792558409670514,2.744666679651173,0.9958153856033763,0.09256215569840422,118.84578874275255
0.04281140889149082,-0.1686102196831813,-0.11191091251564489,0.006582467936623065,0.1928366158436069,0.878149208396385,1.1786784564063906,-0.33776245435824714,0.052600408000147335,
0.16985645504508,-0.5571824104597618,-0.10741399065701464,-0.12485961602648954,1.0538404971070476,0.7975302428645669,2.837680650380496,1.8686795254360906,0.08578636074587302,111.8677011643804
0.2624506002651712,0.04487118926179101,-0.1341150552318597,-0.18608273042744433,-0.28027734117786496,0.8448881049706501,3.696830082165499,2.3722026141799333,0.12772208547043887,
0.22063154738933252,-0.7546825942350555,-0.11323872308869933,-0.1854697828810401,1.82080793678168,1.0328469234319047,3.05172120441407,2.2336299971456097,0.10668176483324068,139.14856494163547
0.14492522298098104,-0.4697326625698056,-0.10477440684722218,-0.09314311749699909,0.9917996966707668,0.7193646111184961,2.321645543172722,0.9131929384744192,0.08489816787122041,115.30504278343716
0.2495058614603941,-0.29976392128898327,-0.13317578481298134,-0.19084337593013287,0.7187398148978158,0.9697752831926684,3.289314525475787,2.1264171801963467,0.11952306227898453,112.82422244892047
0.06453164042394455,-0.1202152585959681,-0.11306361863334867,9.572316878025955e-05,0.37266198596326994,0.9199026873018368,1.3504732785886118,-0.8833789546798299,0.051339861838106626,
0.12900155368348754,-0.3354382262829494,-0.09359774940824771,-0.09176028951092158,0.6160609639914897,0.6013479420531973,2.1083562389648387,1.2913536695680379,0.08827203011802551,120.45935373369198
0.08781732027408305,-0.34067746197118837,-0.08122334840135051,-0.048788081095153674,0.4655268486806369,0.5636398158023133,1.9192400351926844,0.9768207389688582,0.061830026930177126,137.0381271015388
0.08392381868495338,0.10979371553732231,-0.07752912991475741,-0.019540699199593184,-0.6196209832953565,0.4608061442691887,1.496842499370862,0.10847038693121269,0.07389450258681865,
0.13208775522135327,0.16412809064914746,-0.09424542442292771,-0.06143812937988964,-0.6091804485464882,0.5236319596921734,2.103920256862426,0.5748446966274132,0.09265579128300466,
0.31767433223231384,-0.6055874945287363,-0.12816297942791763,-0.2409729782041226,1.432165825474383,0.7965606165150092,4.533080137723094,3.129449766261839,0.12695402220327506,121.2183009407434
0.19031466933167313,-0.24584700732693032,-0.13535720603243295,-0.129163883578052,0.8472761984368845,0.9732391506709573,2.49811209461173,0.6813956526754854,0.0956339057351968,133.5424541369556
0.16431155700089203,-0.5095103377808058,-0.1372441727314346,-0.12174128976381592,1.0976182117712685,1.0306417757461634,2.952477472221723,2.06196259599795,0.08812653591373883,125.39429156976709
0.26075715185762005,-0.3101253174513525,-0.10580570289330739,-0.189988235701124,0.34229272835347735,0.448247134280661,3.3909855975887866,2.752381182495948,0.13581764626737888,120.87566629528241
0.21530317149199085,-0.6408455379320042,-0.15310036531666124,-0.1714408637988542,1.4130395337569324,0.9870911841416341,3.0633335570397366,2.233175828932114,0.0973710899885539,121.73373947870488
0.1097671171201052,-0.3807190260941266,-0.1569662034638708,-0.08970186390494328,0.7177012167422829,1.340131116489842,1.9402409164002903,1.56091490416881,0.06918035687060645,127.22311990266478
0.2364606472916606,-0.32535557593700337,-0.1039856893396741,-0.1557738143995278,0.5974448621563043,0.7467286834258335,3.259773140875487,2.004579674167345,0.10210218346088283,116.91407334105821
0.3276522650023551,-0.22104620494754643,-0.1384424748628698,-0.25502792638636573,0.4629824035751249,0.7601856665642007,3.993715578851398,3.0363198142671557,0.155829355641052,140.18671370717487
0.2913622089682331,-0.5208908443219964,-0.12802257730761188,-0.24279809915423628,1.2899979967377204,0.8601826063249071,3.799105425028091,3.1357548652971907,0.14045585389332144,150.6160436037078
0.23756547797613478,-0.3353005508008339,-0.16972077997871118,-0.1802018019398482,0.5208750960866213,1.2810620915298123,3.300249351490215,2.665465653888633,0.11640742435430722,125.3325653915031
0.23629236022441735,-0.48898097518475,-0.1436300364980293,-0.18536227461135094,1.071347137686507,1.0675406200872888,3.5966036582197365,2.6900494862644067,0.11104991172534034,120.2692162828279
0.28701171864800645,-0.3395020435600775,-0.11912135723233651,-0.20946642487721487,0.6971688974426995,0.7903517859334811,3.8279032315392167,2.556308818257234,0.12440179480966089,111.80126614998991
0.07307323471701928,-0.3203597638370491,-0.11504341451422292,-0.05649069598534143,0.6757406485213379,0.8496978738344284,1.6714886273958995,0.8179719938870849,0.06048511375408321,138.97160000186219
0.05851645785733221,-0.2670063099403921,-0.11056339744732642,-0.037825316643830625,0.4863287050018251,0.7232256258560265,1.508091382926061,0.5011986914339299,0.05263232152481453,149.57903035323415
0.276423610829586,-0.21851230996756468,-0.09236792021344126,-0.2008401501953065,0.33360832557388664,0.42197034392338145,3.972371727263088,2.970087487777083,0.11891299326981108,123.1226157870195
0.12387918758767527,-0.1939238443978221,-0.14388127367374465,-0.08173905400819145,0.45164786355310105,1.030711595438534,1.9379664959282223,0.6387807638295516,0.0781351254158748,123.45145330129063
0.22134778315406423,-0.5052954195046154,-0.11354259497034314,-0.1563255035594842,1.0620446918929405,0.8422792290445104,3.2092472978880173,1.6823887988071216,0.10480367048939719,115.75620784565291
0.14991810011512152,-0.4058454717100391,-0.12092819913290848,-0.09809827998014199,0.7636330053984094,0.8438963081388018,2.4336273026987083,1.3268327423237634,0.08666821226011025,115.44908088776639
0.17559988424309889,-0.3940342763080029,-0.11024899763902586,-0.11353701780859013,0.7062502324577498,0.8065169872477219,3.04347144453626,1.7396301212483816,0.06917761170921437,128.72799396989817
0.15416437182741355,-0.3685534832862153,-0.12649933753376494,-0.10982864446622466,0.7821900964317002,0.9304989671556361,2.650354033830127,1.534368341681294,0.07279490149762062,114.86046186265295
0.20190137119377746,-0.1690299168363432,-0.12475387833522997,-0.11933710308857952,0.44404085847683417,0.8802569145949791,2.82676379718875,0.8712046447698027,0.10148819399924983,122.55749975147292
0.17806884578828325,-0.35849263222321154,-0.12430591234786803,-0.13318420253696442,0.9644518250316367,0.8425792168022063,2.5800852025944816,1.2264058377986105,0.09581226099661949,116.34817156141044
0.11084079385204385,-0.6013716353772411,-0.1322936177505726,-0.09879774815686324,1.321851846362628,1.0068553162150815,2.0700138533931014,1.5740511770569758,0.06909738795597295,119.29712474031246
0.277192070660986,-0.15910471432122122,-0.14491747578126207,-0.18971214918449575,0.29048862571304634,0.9663767541028391,3.960749230199365,2.4355761021698425,0.1228934753165184,126.79389593414349
0.14811524040015348,-0.57750883216784,-0.15191762229072878,-0.12716147167488,1.222089905416845,1.1407503036121773,2.5302855907534743,1.8345077238788332,0.07443536523079554,119.5593870351553
0.10952669598236482,-0.44754302322951445,-0.1368046978295825,-0.08101234184258024,0.9267107109344053,1.028641337413344,2.173908205357418,1.2070204394663235,0.062458195483823045,115.29558059763907
0.2539102489254228,-0.5825102530106158,-0.14146874189537664,-0.2124913403427267,1.172668955264622,0.9365085131591676,3.3642701051238566,2.810137489314794,0.1246804563279193,122.30003901036125
0.1415482650984533,-0.25804834199650095,-0.13704302435854893,-0.09139708278161879,0.6308332600202169,1.0035256814813545,2.820152649194789,1.506283808874907,0.05938946930857653,123.86347681453262
0.24361788789167116,-0.36091482932381275,-0.1612765087029398,-0.1860843453992008,0.8218915014774346,1.292541911484713,3.8941185523419612,2.948365197915641,0.10606941351927698,131.8485887878367
0.1506305944653835,-0.44472805246546776,-0.10525163664245175,-0.12023631228967148,0.6958032409361928,0.6276092869672362,2.304939824483561,1.6296094488882271,0.0940167466765188,124.27520240194093
0.014884553822770041,-0.36743981655197844,-0.13277284477831608,0.004151406391547069,0.7874175205215833,1.1054826731229768,0.9862133553292651,-0.33521207589778323,0.03308149485668763,
0.09843510482925516,-0.541716945494903,-0.0877555193593697,-0.06344814139873113,1.0871470067282878,0.6180394145123302,1.9693726856266627,0.8029711234134921,0.0625702294881148,124.07149541967706
0.1695365907757384,-0.20945375601609276,-0.09998649051276462,-0.10589530250910291,0.5009497519461517,0.6236125533534289,2.472811724896602,0.777055066313603,0.09351200537034753,116.26658844014852
0.13706397556067582,-0.1442495969015754,-0.10127010711105154,-0.07705309210916672,0.21642746452354011,0.7815917668404285,1.915829823453911,0.40618210322566917,0.08184336143275954,158.41536358659107
0.14472820995851454,-0.15774549754406306,-0.10798527677875595,-0.09447625660894557,0.33343826639872326,0.6668920665174614,2.5757867302499164,1.3945756999366776,0.07959504866213087,141.61454748239794
0.18912380800968356,-0.4802786160898899,-0.10794359443464721,-0.13247289251792022,1.2170034651410764,0.7643978617439614,2.7387182600262596,1.4037799607328105,0.10480612239758104,122.52049734880205
0.2250227099900439,-0.5140195914761515,-0.11423693231789869,-0.1619936511952974,0.9930925361898869,0.6916359634351126,3.5384157220382058,2.524210287110125,0.10301711747360968,114.01446579751325
0.048271946293774765,-0.3666705356958158,-0.09602013468048548,-0.001592983326150682,0.7537834906799256,0.7445788777978919,1.3441787666394294,-0.49697076689080566,0.05087374870095159,
0.25287037809052537,-0.08572695009124215,-0.14788172928383042,-0.16175860953798848,0.1503530635860496,1.1757249890272454,3.264450987449459,1.4976508535604853,0.12057168218139132,146.24631722275876
0.26355947000119756,-0.7011176906505623,-0.14522203846175608,-0.20510062594840772,1.586541877181974,1.2451238141309489,3.3345052858356325,2.564759256312289,0.1173250606851485,156.63477130356313
0.21335163428344836,-0.3098353411933593,-0.11417157486975849,-0.13775265628100714,0.4984952461702802,0.6132021561321503,3.360010910053874,2.0094745162016343,0.10595075229581279,114.81508767876618
0.11343085169397786,-0.49822675151224094,-0.15243169574378534,-0.08316749274398479,1.1697607973842021,1.313470749158973,1.858873174541638,0.8138390657926008,0.06101385467953986,117.14034227895854
0.0956923538637283,-0.13009672418273296,-0.09120867850556508,-0.05267551202941381,0.2821505068297966,0.6988884354369258,1.9507841069923513,0.6111662804607141,0.06518123562959666,230.27617730749677
0.20919769809494881,-0.36924597839750445,-0.128834625681115,-0.16131425379472183,0.6803745105328297,0.8231603561180028,2.9087155840436685,2.2280356960153194,0.10814459808777896,112.95363722135012
0.1811821074849368,-0.2420240180748149,-0.10945713371228058,-0.12757356338684575,0.5862573314866041,0.7420524726968565,2.604175966055247,1.3192481730690255,0.11003328082132716,122.17428722184957
0.1980174558853905,-0.6417293214530124,-0.13838383029738954,-0.14883003419609944,1.3956842581937923,1.1934190654896248,2.9724536837580486,1.734583488418338,0.09852275858951756,115.24562176782273
0.2002158575112041,-0.4182705561078509,-0.1181784170627981,-0.11965284262321796,1.0428794106087256,0.8979822877984477,3.2535462562788973,1.194850620635648,0.08493870589923255,115.5615553607685
0.10591639750695855,-0.41138981140621445,-0.11502726667263931,-0.08436105272676124,0.9880522623791138,0.7696818672640884,2.0539247864406045,1.0172409453883358,0.06879952655138848,122.4641324607734
0.15148105165798256,-0.6134604227680369,-0.0736132007939754,-0.11500885943415881,1.3178029416675978,0.4660319298950689,2.6218869833092535,1.6782406532716214,0.08807430344345825,131.67274904208807
0.13786076523521193,-0.5814601052877161,-0.15571725898079075,-0.10028402425677346,1.0173550309867667,1.2836605907691803,2.208159673789291,1.4638730137074447,0.07945762401669079,121.55606992965458
-0.008348608002543584,-0.07187754059961826,-0.08226938514475278,0.012851507808330692,0.1601167480496929,0.7464513163917046,0.3020230218685205,-0.7429417414606205,0.04774538879212236,
