NUP,NDO,NST,NSEA,AST,BUP,BDO,PP2,chi
0.21649296266845425,-0.13573677399659967,-0.22622913502163294,-0.16101240813882742,1.853390305819935,2.7468156978826617,1.4127199058907536,0.11945429072334575,133.88402271859513
0.21640027816090215,-0.17470053140784653,-0.3453941179792613,-0.17171693025412577,2.639791882260524,2.3581413365706103,2.035865351555934,0.12159533954062927,141.49307855254614
0.19009695730157142,-0.09870050330936629,-0.2950123278837436,-0.16355549994323595,2.347820850706662,2.0873416985851803,0.3375525622076797,0.11703050480691701,139.42385078726346
0.21743357649133982,-0.15987511862774315,-0.28809323378564083,-0.1699074046441477,2.2802014192243867,2.5138937249336974,1.7292799375889722,0.12419892701072244,134.44806001062233
0.21705575722653322,-0.15019749097344895,-0.2834086969232682,-0.16390132944358793,2.3896756187843007,2.5964792612088736,1.273435916778743,0.1191214736943984,137.51795155386958
0.22002287493960945,-0.15780278023326433,-0.27148476295173873,-0.18561248188495827,2.3320162191553657,2.2032297550007733,1.4847209263991001,0.1336556951566321,136.45258950375054
0.25498407833819847,-0.19435162069120104,-0.28440329686620186,-0.20903462660831923,2.4246459556566125,2.0584998628256317,1.671655457682681,0.14841148239028848,149.0118816044169
0.19447432691955355,-0.07786990483100015,-0.2838761179012346,-0.16390942878795006,2.3292575384964755,2.201844819088541,-0.11298431166035838,0.11843519614182561,
0.22284171920543475,-0.127407723467254,-0.2469635319024105,-0.15556886616085108,1.942678928771117,2.9144805582206543,1.6465455674052578,0.12027279415135433,146.8629472005741
0.19378748856716346,-0.1510386863474522,-0.25830478023119746,-0.1560853054205698,2.160979725342433,2.192314725425089,1.0307370636252025,0.11021138025772281,142.54753389057697
0.2713853112916389,-0.19189354315386173,-0.18589998242680095,-0.18850227678971743,1.7946816942663724,2.934659349788664,2.0913449061732443,0.13828367183456963,144.91114753319027
0.24458575561014237,-0.13415579676285258,-0.2923229390466051,-0.18002522805111318,2.58678655637109,2.726989887071678,0.9060492619247498,0.12327092267598867,137.2942931748657
0.22425240203845984,-0.1787619410119153,-0.40892880691516287,-0.1891678081598685,3.0281524450368296,2.154403626087081,1.829632606189811,0.13958650064013167,149.6047042462152
0.2189528186143087,-0.124849872458247,-0.3356709962606749,-0.15869104319323693,2.6037099214620483,2.7227846064176475,1.3036030084775785,0.10653576346965263,136.21310166165813
0.20551621014067264,-0.13206643586697583,-0.28057506903774654,-0.17889720612694196,2.1375822342232342,2.054169153144725,1.2319367845370346,0.12468659323120142,132.47869361687847
0.22180025111735863,-0.07188087518992069,-0.30814036195341116,-0.16111433924455754,2.4673566751339333,2.8396341400291485,0.18369916963569866,0.11173430958475813,141.36557961647986
0.17375004575215214,-0.10063007514020436,-0.26106179566956894,-0.12578323661879975,2.2880510781413093,2.8231400141761807,0.9305080331156426,0.08694230238985552,148.09210545898918
0.21688323412819663,-0.1365412486903619,-0.20807109006447902,-0.16981930571231707,1.789923116095951,2.5058234725777546,1.2893538246903844,0.12685864636024125,134.3052113640084
0.2214884679942541,-0.1241989007904032,-0.2717361010140358,-0.18172084192841784,2.35019589836819,2.376695425084151,0.9939529072230064,0.12861263609854137,133.4272710756017
0.18652643488820653,-0.08569047071768551,-0.22433472354449338,-0.15028114113620056,1.8900893417249147,2.3123471544137373,0.36898382677156616,0.11098068468226602,143.02799343575794
0.22022997081976867,-0.1271266456049401,-0.2622494056893107,-0.16088243296441251,2.0713021645836007,2.7355347099062484,1.4899982396200557,0.11367128184384347,134.371589079311
0.21801448292691455,-0.1369157218078585,-0.23592099210414622,-0.16488534556308446,1.9930337028714993,2.6048504645253128,1.2589534557979174,0.11741499217766999,130.7635265389255
0.2404405640656086,-0.139223230628418,-0.29404537461449126,-0.162432068060536,2.4121779295308863,3.224636593135882,1.5873969519850912,0.11616976379722282,138.67766332231955
0.21361595234039854,-0.12793527958553338,-0.31015802665154546,-0.1547943898643379,2.4067881785510004,2.6840429863074164,1.2907986678527366,0.10395328400794841,134.73626590301427
0.19022202529935012,-0.14613301524543626,-0.2713264712876164,-0.16413137498617655,2.2046721959092173,2.2333562373771643,1.6209711386149295,0.1241330949625496,141.3643048480311
0.21729329599730118,-0.13593738115341786,-0.2684785937002304,-0.17270580958604329,2.2124978497811303,2.527822666509125,1.1913681833052507,0.12420232669022904,131.12857693548753
0.18728515385244243,-0.10813662012952205,-0.1522737819592157,-0.14632652891603837,1.5853745114410067,2.427306376527889,0.9449690009341142,0.10177796923679926,148.057954712112
0.1983216610928913,-0.09600393701822989,-0.11920599408881699,-0.14894228527984396,1.2905332507528566,2.6896637913900143,0.4826751778404178,0.10852899088950115,150.3033202207138
0.21238192565955383,-0.1411781965728364,-0.342974779245769,-0.1806943830610268,2.597089298107874,2.1228597984340953,1.6816577404195912,0.12587069601602074,142.98416810208676
0.22658372255944714,-0.12032360807708445,-0.29023786290043435,-0.16706261955062462,2.410105528209829,2.756634206893822,1.1953824181697132,0.10991400085321779,131.67228703023648
0.2226943310145217,-0.1846569399132376,-0.24456171245300629,-0.18291568038592698,2.143371142242939,2.1810619524010098,2.266923484856066,0.1266842351442346,145.4985536534309
0.2215062361507228,-0.1663301614882156,-0.28765743519475784,-0.1734223562165258,2.355918356052879,2.469894739753166,1.6832628985191742,0.12442086281963324,134.20621385337614
0.21737155206723857,-0.13622988739026962,-0.24201940173234401,-0.17305972689012622,1.9258293339034651,2.388527629239617,1.1251068040141186,0.12095139389669927,128.59176376052793
0.22107574850548647,-0.1269549824959854,-0.3114558111926178,-0.18307883628494043,2.622093762611518,2.2399526337512974,0.9072790652989301,0.12815050387878102,137.35974109313997
0.19528791181256167,-0.10427671001997221,-0.2549799641337597,-0.17000016181484448,2.038795279854915,2.19780287202256,1.1941396173839602,0.12479810483821778,140.57356265496557
0.22666910169931845,-0.1696563874300695,-0.2848260189829759,-0.1759239698089141,2.4066964312141663,2.430420353390121,1.6948963158392765,0.12271317606581672,135.75406278396207
0.22293815726481456,-0.12035647809886309,-0.23527875150904098,-0.16457788632048156,1.890620322763323,2.745150726941889,1.495245196706625,0.12310184793506189,140.15415992257755
0.18773564126945352,-0.11266293637873694,-0.3132958253234588,-0.1526890117296647,2.5629099191563265,2.3368965797334584,0.8860424483689637,0.09867829413862986,135.61417655317592
0.23788517906263804,-0.15084677504729327,-0.23888112438162581,-0.17796024095263896,1.8779702257867505,2.5666391798152017,1.3866703776828422,0.12378238584720075,130.47808922344092
0.17819136013854756,-0.10355090699971015,-0.21552485522618625,-0.16221548352133974,1.9168974602454125,2.11736157293013,0.6149963472020892,0.11862333215493227,137.09435381067613
0.22625719485029053,-0.16538900261994233,-0.27892811332408224,-0.17889592763000234,2.219508729116637,2.3915370363343933,1.7540216709590943,0.12817358077155053,133.4402385254989
0.2304738861751348,-0.1558893981307034,-0.2088232101314849,-0.17847619771889725,2.028023438184235,2.466343701138741,1.4745411405244377,0.12224557156447903,136.6077538035442
0.2355474931746675,-0.12577826946905282,-0.3593226246915393,-0.18423192415628556,2.838551193032611,2.639733943510805,1.2487429267204797,0.1312286488085817,139.83702651532025
0.21640538798860234,-0.15509192249418746,-0.27978058799444244,-0.19731069455633451,2.2087135564558973,1.8415659280138872,1.2080185952102702,0.14841270935594425,141.4738626771579
0.21104011815245843,-0.14123379147133536,-0.3110088642360696,-0.16378795336792581,2.6405508710485615,2.6682472154333454,1.4503237783117298,0.11727295140956978,141.4299484728654
0.20176390202282593,-0.08642350579621863,-0.33024940399050884,-0.15722752235637366,2.5484541150732976,2.59632202390788,0.31396024398419764,0.11031389042797068,136.0931883476689
0.19542410433639779,-0.10483188651753518,-0.1726169043549477,-0.14747077962553595,1.7202457864186935,2.556642553523857,0.832694802048398,0.10300558518864406,143.25060693225163
0.19620241929435406,-0.12297591066001769,-0.300552292588456,-0.16994979021211404,2.322532269654512,1.978287646378555,0.8371214346136705,0.11869725355851511,137.51979081537795
0.1863114526548447,-0.13235227562471097,-0.23007883704436102,-0.15928369674751813,1.995939519864173,2.310754034006488,1.4931210216209145,0.11786468867425473,139.7464033582554
0.23192744312017236,-0.12919938067895786,-0.3295539868049626,-0.18435295924367584,2.624221657463841,2.54241635634777,1.5156399151659619,0.13228115031556403,140.37077058265243
0.22635842360963226,-0.13559291237517035,-0.23219087203767105,-0.17733322490412898,2.0482849629671325,2.45455684137715,1.3048394481120604,0.11340121472870988,130.97765057052126
0.2558074001971704,-0.15443618671315396,-0.28729217229479515,-0.1707368434454324,2.496976200808505,3.215495194348834,1.399073269698475,0.10940857691838018,141.21575438023638
0.22376585802101684,-0.17359059749345312,-0.21550830952818897,-0.197662835516895,1.9611718745359876,1.8779843491731394,1.725644009678709,0.13818989601504972,145.92635803051672
0.23739411652113124,-0.16465321388516593,-0.40367255597274904,-0.17774196588611052,3.1680670092711254,2.7988414878003827,2.200236005188857,0.12370796079498482,152.0772982953979
0.1707314436796698,-0.12282214206393618,-0.15690437990330247,-0.1542478399639399,1.553363255809919,2.1547620442757465,1.0996354511329267,0.11008653950483095,146.05429630232888
0.23720632944879266,-0.14180080249033727,-0.37875512153480995,-0.1882276370153719,2.664607882036604,2.3245291890697253,1.054214245580702,0.1394844662479033,141.20545819439093
0.19852134343860006,-0.12601392424077348,-0.22348208043688678,-0.16172099268036527,1.9217921411911585,2.262258086837527,1.2545879962593705,0.11195962648950555,134.57791958618697
0.14829248044172222,-0.04521684156917495,-0.22982080167762023,-0.13098183827380133,2.0276035332244526,2.3346215034183415,0.09243562107194703,0.09749628063615254,168.47022218131895
0.21414760749999934,-0.1265890568596441,-0.3124806320454895,-0.16322869918200383,2.606395567441444,2.6733864758914194,1.3985654694128158,0.12125559568955671,145.77727507010343
0.21271784143297418,-0.15796940844917315,-0.17809368816034432,-0.17576977769155827,1.8054726023163636,2.23599302691486,1.20026273266835,0.13067075186945112,144.62509013510046
0.2239966597887088,-0.14461664595013163,-0.22756077014282164,-0.16935447598531927,1.8389734207973722,2.5474249637573094,1.7064776687652952,0.11813194047746058,133.55138389835804
0.1768960891546392,-0.07192686633089726,-0.2270332713661798,-0.1421218236391673,1.9228728923905982,2.501347466972294,0.5386287933058573,0.10345849562464256,145.05719590410388
0.21077614144930834,-0.13008564185077842,-0.304619862753713,-0.18089758710846848,2.2115361516371834,2.1114762605849946,1.228943193636626,0.1283771004668581,134.48003199232778
0.22682624819619088,-0.14364723890016057,-0.21184937001201015,-0.17807026555385486,1.9558147765939797,2.491439391472414,1.4041531323828336,0.12377881084718449,132.76256435480246
0.2082909115217608,-0.11101083178012067,-0.32211758857029243,-0.1681811102580487,2.8537271580734815,2.493521280403089,0.8454499271860273,0.1099543863530228,142.55732071821177
0.21909923722423752,-0.10947284040982508,-0.204642935984856,-0.17583063741089588,1.775183191536731,2.3936567738383117,0.7835567443669618,0.13031021109077198,135.58663916809132
0.1940504510014404,-0.15944782347425945,-0.2529677200763971,-0.1639913925033715,2.17039685676093,2.3827622125860457,1.7627585258664915,0.12149502137144613,141.49627031073817
0.22211988253805226,-0.1284001084794054,-0.32162619041670265,-0.17748557895645523,2.5523064232024666,2.4662003938656225,1.3154540104525156,0.12640580625333125,135.58342654949
0.20003331774620853,-0.09662508383865065,-0.16784933867808696,-0.14480288163416954,1.4336336552718998,2.836191908496781,0.9199545114776538,0.10168137796845376,136.4755566613306
0.1945417943246179,-0.09572719439141636,-0.27440832085130934,-0.14823532749482404,2.2364652439985577,2.4276032405110346,0.6396981596306752,0.09877149540827698,142.53252758944228
0.21202009304283143,-0.11844133902705446,-0.36520683152575806,-0.1784407938619103,2.7312168771071343,2.1730611115591625,0.8049379543032733,0.13068970854040035,141.2166370491459
0.22923319300057216,-0.16436941244686679,-0.2750831074700921,-0.16980366173443426,2.120680532749978,2.705770729741416,1.924913144966595,0.12977632620519658,139.74177996483633
0.21184408180304498,-0.16859302636205692,-0.39646004045653543,-0.1689232300433258,2.9287671417188466,2.4358667596312453,2.1030595079833487,0.11242914676114062,140.65239470820472
0.1803791803067353,-0.10448675673076355,-0.21742628218826998,-0.15217059425664614,1.8887597628220483,2.2017666817940973,0.6958822184981067,0.10880004724206398,135.2499708974457
0.24677874860568924,-0.19637620168229872,-0.33698630852587336,-0.19786692178015172,2.513522904169056,2.3569741166844294,1.7647080397436716,0.14116170983537105,132.7018623929085
0.2500387351858769,-0.17935064858288308,-0.27131954966079763,-0.17708542331973018,2.397238879809595,2.8284821202259414,2.233019215668174,0.12397727669986489,143.1281369208584
0.20256853322119794,-0.12098429932531062,-0.2998791563263725,-0.18436694490633296,2.555795449453758,2.018736517578924,0.6066495018494908,0.1235121575422031,136.97011457630902
0.20752837257339965,-0.14888334612706583,-0.2614087859129204,-0.1767297047830556,2.10467681914034,2.1391746629447463,1.1795685662062747,0.13406580321707648,137.32503648202888
0.2300003863161512,-0.16013798043331842,-0.29609885697681865,-0.1692662584488452,2.4547474562465963,2.4838077726300756,1.3307262961594915,0.11473810041569295,140.43710392994086
0.20858269573634325,-0.11387351669250768,-0.3329838905636712,-0.15765707466772702,2.488663905523147,2.7199541591892875,1.1836538338293714,0.11378465532054298,136.0398065655413
0.20712942223870087,-0.15925963192518433,-0.2320382328110559,-0.15953542216543068,1.9099466885808227,2.596829493383571,1.8570058746604587,0.113364062375678,132.7202934336338
0.2077071382032526,-0.14128535956996607,-0.34131961844175696,-0.16867678331908817,2.5438861405050535,2.4800275045529183,1.5453181475943016,0.12439765581866029,137.12452465152418
0.21288374025826962,-0.15230035678752604,-0.2671628440748426,-0.16679965254957074,2.216212003562891,2.4855371371339428,2.0675813454102254,0.11586668440741801,138.8792713003509
0.2100461982459931,-0.13776907565085253,-0.2624924397397088,-0.14662732299676182,2.140140342641766,2.7626471464599347,1.4995358027306072,0.10241309893868535,141.3459074451214
0.18971660426475911,-0.10980402069492243,-0.19351072026022847,-0.14760787723936541,1.9552749302936134,2.5316174877717703,0.7207728441180877,0.10649029518188076,144.65573137010745
0.20941066474816453,-0.12018740375558368,-0.26228105046775413,-0.16627960430717656,1.9956766332299165,2.4890946292163245,1.245167535165218,0.12415282561170246,135.8025053325776
0.2056073778851123,-0.12295425931753408,-0.29620162682766576,-0.15838762493913625,2.2828468653357477,2.619302209693397,1.2449483392149256,0.11824335600054237,137.0145727311961
0.19067213676793315,-0.14040579149245813,-0.14499308331048932,-0.14311933317193964,1.455741064265042,2.5687316886055735,1.5598893771309155,0.10037091585559617,148.82031389057278
0.18060774479341957,-0.09427532379958281,-0.3378480698206347,-0.13249236946854798,2.531120385299703,2.8392827221796084,1.1573849489002785,0.08352344582605997,141.34742063565764
0.2167418038072702,-0.1389848466991628,-0.31561717743863216,-0.16805169384043359,2.431523968126513,2.608403824724977,1.678587721600332,0.11986852324030992,134.97025545222596
0.24388742838975624,-0.12637238016336652,-0.16112686257357586,-0.16678813900047146,1.4177154527743094,3.0164573533530765,0.8109168731808967,0.11729319677802218,139.63705435348407
0.23710148920583446,-0.1548696183139085,-0.2868938726670347,-0.1811955438334197,2.384081930779023,2.5447682215445626,1.2678114209909659,0.1256384642927504,131.00721075548438
0.2082976860185115,-0.12315074606710957,-0.2586003105100184,-0.1421015715246741,2.095991204741211,3.080479117802353,1.3643246614444635,0.10415873302819705,139.04331912123806
0.18626180148686725,-0.12678405343329419,-0.2795387700234497,-0.1619952553326518,2.108492925370114,2.1093008668684954,1.2050183010248263,0.11312830202964412,132.68973621278616
0.2508634135009366,-0.1578081647880955,-0.22657826212148527,-0.1757779824045933,2.044692475778396,2.8985711038859727,1.536930742621221,0.12780659129767627,137.32642530304202
0.21484393570944305,-0.11975896524627735,-0.24580639230924883,-0.1528617952841646,2.0772038523779703,2.7037143666726076,1.196415748793561,0.09654741930789479,136.88173125264603
0.21907045213662507,-0.14056867374153903,-0.24689074678696268,-0.17631177246083968,2.1204014281699566,2.443232520475857,1.3676375165053152,0.1308300905911987,135.53272361910513
0.21250638433874502,-0.18263953094974764,-0.28526662608188114,-0.15814084824371857,2.1004760861700302,2.609354532894725,2.1973938398102786,0.10769895352762099,134.5066775202955
0.16173518957512822,-0.04889798239115106,-0.27923112288410107,-0.12463669553436163,2.16587209344858,2.7829191767507657,0.20283887151512192,0.0934587341900608,163.82096317763558
0.23408299454210668,-0.1486219269981642,-0.2049456797881664,-0.16938982195214017,1.743525616403047,2.8722641119144505,1.6997341783484017,0.12598470169243992,136.47376425031146
0.19517447391550954,-0.10963217264138583,-0.32223360565904846,-0.16128912131221984,2.471681148533719,2.3778295071335145,1.1298967898357983,0.1083587858306706,133.2380651417506
0.19999338363802058,-0.12041338172651243,-0.2084666220094022,-0.14426364514408946,1.8117631892335848,2.7764862803283332,1.2301447283084888,0.09798709272824208,133.32901302545406
0.23739164139232888,-0.12694060136221486,-0.27391875147522143,-0.165413264096884,2.3974190312663497,3.0803439625396623,0.9375832039973137,0.11777493269264885,139.42860356062215
0.20729209099396337,-0.15958414930505843,-0.20955766347197013,-0.18053724717580996,1.7086460109496033,1.9176784875325714,1.5504597999208736,0.13124806647023216,141.07917162007234
0.20140800312889423,-0.09922827401793036,-0.32294029987085815,-0.1668477905645567,2.6156441732096436,2.3153922780837144,0.6310188399982426,0.11423111610916503,135.95202478862632
0.19815994625841518,-0.10877236300251125,-0.2592202759948042,-0.14494257209391778,2.0452441292448547,2.73132945259441,0.7888144089264566,0.10983643248823724,141.2203369362386
0.19255167523653532,-0.14182445054573772,-0.24234597056810345,-0.15159541742625138,1.9892575011799902,2.3048194151806927,1.300052814609131,0.10976676218677323,140.43884321279023
0.204428899149276,-0.10657731569090914,-0.2679910521419998,-0.15865216834887846,2.3238175195325588,2.5542603711025964,0.45000808239895407,0.1192233003005829,143.16364671182527
0.19691134763239243,-0.1291710824482267,-0.21596943124792387,-0.15619532352981677,1.9159976495066091,2.4147736113217557,0.9725095712735454,0.1128519809357155,134.6953728304213
0.20241755365107125,-0.09472736257702613,-0.3397851300011849,-0.16516737883492624,2.6061420880656003,2.484279128605256,0.5215695013019003,0.11613652757329075,134.3648431054624
0.18945569640740778,-0.09088588004812967,-0.23170735303824228,-0.1558454018193623,2.0351325483776113,2.34115254354939,0.2882978879483492,0.11093943785943614,135.37267745690758
0.2134889850203651,-0.09923462818727684,-0.20278858921121035,-0.16936612398895923,1.730472466509537,2.5736532878635585,0.6545840326810324,0.1240164267559053,133.4367857851068
0.1697033163607062,-0.16491993487064346,-0.2556367961111831,-0.15891819068038468,2.1122471919152788,1.8164954931228574,1.5467312650110787,0.11573530541281404,145.87518018966978
0.2576175610833602,-0.15965047955191455,-0.31795561287002183,-0.1757048673112891,2.3115224270085437,3.0381083167081946,1.8467993165393881,0.13165161730178004,140.64913492769332
0.227533446674328,-0.12533292352811415,-0.31327006074641073,-0.16361413245335232,2.624501548182221,2.77547833732346,1.2342270967867344,0.10769751873846338,136.92881364503026
0.22408116527895217,-0.15798653071359284,-0.2649479779773987,-0.16588496436208255,2.3017531414124686,2.80442573767563,1.7528441885246542,0.11550237195604489,135.36035765890435
0.19474281080447375,-0.08190416216374266,-0.23157052390567212,-0.1573544933015808,1.9318745023285726,2.4989470614858615,0.6803867907993479,0.11024269623431615,136.14716715850324
0.19987975239459582,-0.17801974480888835,-0.20818210081500804,-0.18380051017348223,1.7553491372031493,1.6791466800470543,1.6188419793310254,0.14261504516806078,156.3887141948923
0.22212592108384044,-0.17706489741342257,-0.30344226863119506,-0.17870592683879752,2.388775808004018,2.3394248654792165,1.9288972441628505,0.11934531541592212,131.49261297843537
0.21916573250089014,-0.17743714177718492,-0.3757095518439132,-0.19266383790268926,2.814753241951612,1.9675901468100612,1.9303306610718067,0.1335864933713937,145.2328527366737
0.19290341038626913,-0.11395642623355538,-0.18597859451469848,-0.14054078085505978,1.7027479199307587,2.7996660582395325,1.092322897823148,0.10756380388070479,145.1173235328472
0.21788141488630047,-0.16514722914068874,-0.2532615375935934,-0.1576440771855137,2.1703120122125146,2.9188126352576664,2.1202362932115344,0.11443103732141421,140.2950686553738
0.1960196632418673,-0.11196075746934596,-0.2728159771301924,-0.1710592761554024,2.158110130898618,2.169832253557873,0.6793844745248816,0.11924449481393133,130.26530568604682
0.2189188393157419,-0.1518543819545769,-0.13781700089838683,-0.1744113088262639,1.530154254334811,2.3699801543734043,1.4489627008872743,0.12116317180690497,148.5390429411034
0.1931465956043246,-0.10988330180326869,-0.17102986130060288,-0.16792768298329694,1.5417573752401847,2.022022811709287,0.6009134540987865,0.12384958072753692,138.99844235387224
0.23422671896722047,-0.18387391592500285,-0.22166846591981737,-0.19511682028803795,2.1296272592243795,2.1519127723066216,1.8607348548043445,0.13907640310535666,146.1509314598
0.20252743433589174,-0.11955219755752453,-0.2201966261354498,-0.1652341401482127,1.846004006299771,2.2797358720185352,0.6910644902373216,0.11869730734819137,132.5375105782567
0.20096332378723325,-0.13328825841964592,-0.3018347993078285,-0.1558158732902492,2.3418603768077677,2.548705412784845,1.3218838701008546,0.10749297525056503,131.22550126673076
0.22426566387683947,-0.12850235559208215,-0.28859622615049524,-0.1718076064142406,2.277025949564743,2.4661883080550537,1.1875166668279116,0.12430999702907716,137.53040717112003
0.20398384815186996,-0.1441355542058652,-0.10072607573375808,-0.16829067417218638,1.297882638648926,2.1988578381010937,1.0385351568568524,0.12531704741430466,173.87853361431684
0.176717163572148,-0.10158088627264311,-0.24913841545614598,-0.1635600745210032,2.250201736176278,1.9122797137581882,0.4794950518896165,0.1184787280507928,143.36363088763463
0.20819104006368128,-0.10485967617678668,-0.1642018580861988,-0.17651776016163478,1.7608243733613116,2.283546104231396,0.39787094375024334,0.13246707195808452,147.8977354495802
0.20480171266248554,-0.12056637371478254,-0.214471471198784,-0.16698120671280345,1.861063432968931,2.3626948023227134,1.1337165220320573,0.122324661538574,134.5065856861904
0.21577348967606566,-0.14632759937578102,-0.23895624326617138,-0.177969813122149,2.0768820302036985,2.359353161860346,1.2455719834654357,0.13241705424305736,134.97954280878926
0.24970449077142692,-0.17108178309994732,-0.21974272718190796,-0.18708898183526756,1.9476667919819652,2.575401702818318,1.6820185235527403,0.1270448125743224,131.74287521974063
0.22344848368997872,-0.1283783832811216,-0.25988498748700717,-0.1851556042436849,2.216028528623816,2.215101744753682,0.9829588689601746,0.12219268826508048,130.79472551477662
0.23854509416900896,-0.1853940681127525,-0.22615387897214861,-0.19364834871089007,1.8954480658973025,2.1310183701276886,1.4580670058717693,0.13779689077408716,136.79899636287885
0.21140735479459646,-0.14324948225417874,-0.18487268098198262,-0.18108083809749972,1.6914042734637702,2.1465748167509693,1.2793895681682943,0.12664351359924858,133.042363584874
0.22195777707486852,-0.10192974193699746,-0.21518450355191615,-0.17586718751139516,1.7683654277815506,2.5063503841001733,0.5320929638200594,0.13595934919770677,139.4530874394962
0.23072065866786393,-0.1681236341787084,-0.2685631788157159,-0.1798301842692153,2.0282160468037893,2.539315565270077,1.967118807583877,0.1396664728197886,141.33286216516052
0.15027087630131533,-0.07828660579619194,-0.11259932475814713,-0.13640052103519393,1.17939716377689,1.9647453375441755,0.4515446346092671,0.10444775209158848,172.76126260472338
0.21452967066342304,-0.10159138000979884,-0.188817110735915,-0.17261371498072242,1.6944226096771167,2.346213443190946,0.37918380541153485,0.12906744454028052,139.03245380689717
0.25155423563323204,-0.15554565317822458,-0.2871712768861024,-0.18660302899512604,2.3081386397625447,2.7338419168909827,1.8268537181713718,0.13429555288863876,136.16469612756882
0.17411734306634125,-0.09031405732045569,-0.2710919888777947,-0.15077306048917086,2.058819686927254,2.069562646498738,0.6437562738656336,0.10400932238929665,139.76315773988497
0.19830257328022732,-0.09906194941717655,-0.13269698340311598,-0.16243993752108385,1.4890582976989375,2.40944524790567,0.48783885133844695,0.12196732839490781,152.49328370756294
0.2002389157383269,-0.15852911489734206,-0.1789140628843192,-0.15866058136315547,1.6174885096402398,2.410042033436293,1.425934691283955,0.11966360386885173,140.12003343773304
0.17609270872065552,-0.11397389931505722,-0.18253825515182287,-0.1550095115467008,1.6954664938882291,2.201702503981076,1.212329396775284,0.11022626396926029,140.54558831644476
0.19009081842702072,-0.12358988158676742,-0.24390875488336403,-0.15528719188754936,2.0922601220316435,2.5120740390393754,1.205500740587039,0.11838544010994759,140.98795909703549
0.2125068217978746,-0.16988229679183703,-0.31598830591204263,-0.19356403253648577,2.4686489607987707,1.6671295820267134,1.4293405427922115,0.13686887406637877,153.81772009404312
0.20799913746673118,-0.133869369378982,-0.21724172534894154,-0.17310575950169052,1.832058508348512,2.2139001923570087,1.1012098033302071,0.12125063251687736,129.75439354825886
0.21023589824853625,-0.16913168413902935,-0.22136971011478845,-0.1913951634181163,1.8144359369641165,1.7034668266207742,1.8453050790201733,0.13851053626944795,155.92456941449913
0.21607825771238223,-0.14201360128072174,-0.24696973327798577,-0.17329914180020578,1.9488738805528623,2.4514530550633222,1.0854349848813563,0.12471877833118472,131.1239588336628
0.22565979839960099,-0.14585687370549238,-0.24860453380872452,-0.17494521657882928,2.0384446145388058,2.4897756295891953,1.492854719105634,0.12613778189521216,132.41682694227583
0.18329405926487657,-0.11738808721094683,-0.21982788414416699,-0.14733176657050231,2.0779242839713983,2.4625003604503872,1.012763096986257,0.10681825265732758,142.79696608569452
0.20968555787300958,-0.12266294198392663,-0.3151812505321776,-0.14441596026031608,2.331610346800745,2.8320183067832385,1.091748093537164,0.09912944585314726,140.0606717620985
0.20668553466926573,-0.11593850521749664,-0.17165026130515798,-0.17297707977035492,1.68319527343876,2.3696160627544565,1.110660864403672,0.11953418481054326,138.0879472583046
0.21497407633526566,-0.1472670506857418,-0.1444517802528117,-0.17598075916511302,1.4564996138860264,2.2100608535296664,1.1965246937501686,0.12496389086965763,141.7423587074009
0.27390776333641853,-0.18839539529625451,-0.33162613014733733,-0.18682742213107095,2.7150614303991056,3.153759443249837,2.368021476690919,0.12716644253404583,144.27960493172571
0.2124691718333915,-0.12753903246074197,-0.2324084423703249,-0.1830757403315963,1.9427286252329588,2.179035670176267,0.8028280621589177,0.14139646371711512,138.31219476733807
0.21821637919804684,-0.17896364664882247,-0.22349785319612547,-0.18530633505459568,1.980616729709728,2.1107168042749223,2.0401763529510637,0.13086284559175299,140.67136973795024
0.23473178279723533,-0.1552156518691972,-0.23092444046038293,-0.19023247452903957,2.015677537827836,2.3791806033364047,1.3383165079920214,0.1313285856003489,129.80581851041188
0.2207150779820129,-0.14111808523440547,-0.21753460964056606,-0.17190518128743593,1.880995447260199,2.4626690421352926,1.3768073718105145,0.12314548123314227,132.3990227122718
0.24991829399864585,-0.1621040316161626,-0.4514700530979434,-0.19734270301658885,3.2272399652472137,2.420910714142058,1.6776504722189969,0.137433563783542,142.86419215345944
0.22362147052973844,-0.09340373462620777,-0.34319018632019294,-0.1635625710107241,2.44735471916476,2.9280882250471203,0.94606574693193,0.1091902605686492,136.33590128628572
0.18125710457152072,-0.14266571839912728,-0.30185296481369545,-0.15203334289717396,2.241584138401069,2.256723668282895,1.5494636740452798,0.10265521052829395,134.40294414592998
0.20606312661132087,-0.14760530135941582,-0.1671791402826383,-0.18318969878817085,1.4322752989323146,1.8644527647505993,1.44008836381855,0.12470343337409404,141.39554225157258
0.20282926286950992,-0.13604391195766505,-0.2070854970506709,-0.17049631145629776,1.9544474798870417,2.172485209205896,1.0222837890429815,0.1238014393620524,138.41891459005683
0.22869550334710953,-0.1646126059795887,-0.22409617762413386,-0.2125371307705172,1.9098079138963553,1.5805533467301083,1.432301511031902,0.15819810469149576,166.46185989356002
0.20561976963363915,-0.1560051883153073,-0.3243305216830596,-0.1726416472874704,2.5821974620108716,2.162251035371657,1.2839824597842515,0.12559226494834816,139.81630215453418
0.19433035359573744,-0.14049306316211807,-0.14552788010116702,-0.16225473547660296,1.3906498071307165,2.108368883006081,1.3500259869233016,0.11820768617491978,147.08572910375483
0.21569375917195324,-0.14851369563132394,-0.2840281461384805,-0.18965921726398327,2.3301092664691128,2.04886931371592,1.6113756669785058,0.13249110445387519,137.74517846031816
0.1783053579018691,-0.09496662943322709,-0.25065558978738334,-0.13436686638161707,2.0446328489171597,2.7120279679115495,0.9676479799340398,0.10275197188606859,148.28335157969693
0.1977557789660088,-0.1353923145413326,-0.2718296818157561,-0.1662280583803787,2.088989811342474,2.1618421724166357,1.089670989643027,0.11577224418979123,130.93750027805703
0.19499524811286217,-0.12551664672859406,-0.05673530710319222,-0.16842727996993587,0.9664328090106862,2.1399303391896223,0.9535817344094534,0.12583446925098224,222.4815878631864
0.2183742701256915,-0.16119334211799502,-0.25624330038525384,-0.165350519330876,2.076783760630505,2.4985624946671767,1.5703786946435683,0.11600668413092383,132.27226113989965
0.18951637064578367,-0.07411062404074802,-0.3455719755679312,-0.16706203907713307,2.6731522384988122,2.1410228353633,0.023244607442171716,0.11228733550371763,140.08679390417115
0.14308718126092135,-0.09298888499797267,-0.18995644681024212,-0.13472864807684964,1.8658639908021908,2.0680294823999605,1.0253829442312319,0.09086829602287112,158.53753327136573
0.22591197545380526,-0.10634135203797765,-0.22346342442052702,-0.1622782820487808,1.836922625418634,2.7876303373204734,0.9943761675175745,0.12053412980963132,139.35544012466076
0.22925069221904243,-0.13659350441582996,-0.2087082278607133,-0.1735331035982715,1.917131449231482,2.602952747777327,1.5151367759469165,0.12545026188461458,138.8635762668573
0.20742653439249567,-0.16660232966968452,-0.2504154724163416,-0.17164870217293185,2.080221028519328,2.178722389313351,1.6708536951285906,0.12264150102960433,135.7786708907553
0.21144027456971942,-0.07871732750362617,-0.20371750078951353,-0.17887017941795566,1.746247993342591,2.2170115669209536,0.07861717748605646,0.12409062641132751,137.14838032021655
0.20260253343171375,-0.11922229408770599,-0.19067865151226138,-0.15570668941008567,1.5553222871026184,2.6096902808272935,1.1920910263363476,0.11303905603814661,133.1086125603694
0.20511994065051822,-0.12197839577496838,-0.29347041857672684,-0.15706102672201241,2.335120338545635,2.817636775626592,1.3799643438247964,0.11851531363632163,141.1362850576136
0.2189350677230698,-0.10643914393267943,-0.27665254372605,-0.17636007235895107,2.2350903698739457,2.363465557596603,0.8386983633887214,0.1211634304057698,132.54710637101275
0.20512620076494126,-0.1631283442900867,-0.21944666308244556,-0.18324301128063125,1.6164819322148687,1.8113982842835965,1.5141912247072287,0.12967444065250547,142.05084240278055
0.2312722287475604,-0.14959789887323627,-0.2710091809414858,-0.19352279681027798,2.303633650196036,2.192146927749585,1.2441662568170424,0.13150051748196248,131.34188066404766
0.18351471772567357,-0.13182348918259024,-0.20020639423820719,-0.14264921481953077,1.8305933128035015,2.3766146071238463,0.9107431133453014,0.1023188282167633,144.1589187501621
0.22574042940861544,-0.12191136453772355,-0.1945762673856738,-0.1696231288956808,1.7647729205523985,2.52474659446254,0.929993847208328,0.11395978494154908,132.95684565335642
0.19457728384250855,-0.09647686725578801,-0.19438750731410584,-0.16040767816515006,1.8374135974286734,2.283488348629259,0.8708013446062495,0.10725889942443226,140.26548852278773
0.21369263656223597,-0.16016733658625257,-0.3447856368297012,-0.17462173920925148,2.6849863662081135,2.3402646036752186,1.5778498978533744,0.12030314325413646,133.99437892190954
0.2099222007311688,-0.11359604655880487,-0.2966845504372363,-0.14456633757426826,2.3721395434575863,3.0662401652285287,1.0283875534570408,0.10185262988370952,136.1592599088236
0.19372487489381246,-0.11941960127530502,-0.20584192942514418,-0.15220445789938852,1.7258486656886305,2.53123463744217,1.242878714422893,0.10868441135434628,132.5639828664398
0.20928242324973997,-0.14026928016008344,-0.2413488715951495,-0.16551603699707565,2.1870502170643835,2.5840706987572513,1.3130502050617952,0.11777006054569893,136.03849196308386
0.18513406053030163,-0.09900387656759647,-0.27140721849176924,-0.14390270284420115,2.331018701102175,2.552287583602459,0.822270951278218,0.10252113045291035,141.98207874951376
0.1919318385622716,-0.13545830935875666,-0.33736661134780815,-0.17017952222287008,2.5678586549965794,2.2810524017127016,1.660717384174283,0.11847336530948673,140.44562151417963
0.17388644217682706,-0.11341969176132136,-0.19726115178364415,-0.13875628818936167,1.8055017190444256,2.5640142401495885,1.0100583850929965,0.10201491104358709,141.6452950783874
0.24254651318066167,-0.16996657275489097,-0.2809693116949669,-0.19935190642879358,2.340219044747726,2.031595357968121,1.2427602030123681,0.1476945002185993,151.54746518750545
0.21885214489089225,-0.07639494701198501,-0.1813669654370342,-0.1704191534578866,1.765959744582321,2.393949867576407,0.05467712025746274,0.1178245949806067,148.26436842247867
0.203250528862503,-0.1737993386850582,-0.2560299734402333,-0.15801358630298223,2.2299204817845317,2.311004768906549,2.06053180410318,0.10288593894400504,146.94753935151817
0.19864751232042907,-0.12922777921298198,-0.2678221788692209,-0.17114408302523948,2.209798057824777,2.1313785427675045,0.7692501121449605,0.12249449868761875,133.75833403362478
0.20479872759748288,-0.15190528921518687,-0.2811850022198132,-0.17814646004595006,2.076157872065595,2.1635478655569487,1.8320740049605877,0.13308237668969738,139.32962489880478
0.21512100007802598,-0.14170555551908404,-0.21286586079654762,-0.1619947182434342,1.9012204343532555,2.7631097439139922,1.875833890048046,0.11218287160758551,136.4914274433865
0.1968114329310761,-0.10359608179296446,-0.2071368695145318,-0.15463262998584673,1.8148628525575654,2.3458152062221957,0.6945717429573126,0.1040809688508856,135.53180205259434
0.21750741125645237,-0.18569749426980794,-0.24751408839381597,-0.17967831639483473,1.8587759276151625,2.169163579198767,2.04030448741855,0.12335643737427016,134.59976948507898
0.23872900761940252,-0.15844087403130663,-0.23744551025756394,-0.20885919642966358,1.818807337357532,1.7906576422347538,1.315246027269247,0.15874779743950776,159.79052620455252
0.18705575218769313,-0.15570976221773755,-0.27990201235413914,-0.1616509486029919,2.162501987761529,2.1334094132403694,1.668315438015705,0.11396917735324735,134.8809215956793
0.21342760200573924,-0.1262479961219518,-0.2789129709702043,-0.1715996372484274,2.2178314702362463,2.4860371488798125,1.0704069076585543,0.12444755194002055,131.17678020689704
0.229672330535314,-0.15357020086217174,-0.3733123114929859,-0.15862061039304695,2.8627923011947667,2.940848730365471,1.5137816205595704,0.1056112393108308,137.65160706106548
0.1756085778690362,-0.10577695802049232,-0.19040604294432512,-0.1440158671943651,1.8006811830382348,2.167394212383422,0.3211773460065487,0.09217803388848246,144.06883981544237
0.2130620105070696,-0.10716337003128282,-0.21151625811677366,-0.1443769706068027,1.9508373659044782,2.9766066309685484,0.9731692037002223,0.1075161588120511,148.60275082096365
0.2021822604019011,-0.10027803705047347,-0.1922126910130599,-0.15395263516180727,1.6390922324854342,2.5323760267267863,0.7020452856083503,0.11787638837241311,142.29737263748459
0.19059549649942484,-0.14159185990348414,-0.28633428476106215,-0.15975975375039625,2.2693618710381442,2.215302642904542,1.249758042582178,0.12040084366390605,140.44432306531118
0.1772903749088215,-0.03526359885695153,-0.14784934772190977,-0.11155192197830929,1.474180765314768,3.212606366920698,0.1598754770328097,0.08198459540256559,226.99371875453136
0.21951829792364153,-0.12847313371072167,-0.29409601397712243,-0.1771362387655132,2.2951958331175124,2.3950126940689116,0.9395389254511507,0.12878100238994794,131.98307636715242
0.23036776401258285,-0.13442709264420155,-0.2999639398319036,-0.19950638321240433,2.44431087576994,2.046917896136064,1.1129870394297354,0.13963767896746532,137.64069768218948
0.18818120943589153,-0.051323891051091336,-0.2341899487578081,-0.1577057066101798,1.9840797333244784,2.362044425081296,-0.5074416655534111,0.1171367610532425,
0.16926173067833863,-0.08069159338459655,-0.1907681136057443,-0.1308611665506238,1.6538111680823036,2.5306274592101903,0.6161272896548234,0.08548166151827855,140.213466796156
0.20285738737614012,-0.1364417151399397,-0.3267074749196973,-0.16063077359306147,2.3642062109016955,2.395162735128488,1.159323535496282,0.11950493880876124,138.68820218927328
0.2206904915674314,-0.13893662639887472,-0.33539155686581706,-0.19033941934232027,2.7252864410235413,2.0295145529544105,0.8537074249604459,0.1324116409874296,139.55511614083372
0.2329316534337793,-0.1523322972867527,-0.30228880575625505,-0.16839458322505035,2.611755039933973,2.7747894997201676,1.608640712028013,0.11745813051187788,140.41608329159493
0.2278111129008305,-0.14749776308531132,-0.2736186436267112,-0.17774955236913242,2.4044975743327077,2.4582920415002425,1.6138350990361134,0.12335384529301421,139.06028844928466
0.21593697246447383,-0.15098038930983812,-0.26203669763611004,-0.1665673301993816,2.1787833351797716,2.4438559893683656,1.650911854816111,0.11487739688396648,134.60319828308167
0.20959837660654873,-0.16482257549120993,-0.10523029082851718,-0.18781008351413975,1.2108937408801268,1.8433416980121624,1.5999982940264486,0.1423645172730439,179.6088920024534
0.1869983691322393,-0.12595263468823445,-0.21811528593873328,-0.13971458818012922,1.78495913725082,2.5040346457418323,1.156747685865297,0.09350096358988465,137.22295893657048
0.21088318604884113,-0.11548102896235934,-0.32825033100368745,-0.1587016766532796,2.537529838513029,2.678159969154975,1.0991852091883259,0.11835581829147732,141.2640482471671
0.21732269418076677,-0.13960597653571138,-0.34014012307867403,-0.16320044863313976,2.6426514783283754,2.7672461454055286,1.7833385593208126,0.11482558908575105,138.51592630753663
0.24332791651142954,-0.16418571179763075,-0.2814276363271274,-0.17062200145490247,2.239390652523559,2.8060112028567383,1.73327867510416,0.1210544959660438,134.61060871498046
0.18143490424214553,-0.06206290402767124,-0.14311774603683647,-0.14101935194467619,1.6293514890553396,2.665650515037389,0.3201615000702307,0.09370333817807755,162.86475479356469
0.22561347826302508,-0.14988713933973458,-0.4047063995129216,-0.1552877302125939,3.0414277926442943,2.8675541703933307,1.454217981449933,0.10126567500486995,143.23520640747643
0.2136250081384333,-0.08868443412401447,-0.29206173868091084,-0.1678892347286796,2.314043500960538,2.481427705654643,0.4255285693387937,0.1175626610879762,135.36496001696787
0.20797363048866582,-0.12190407192284153,-0.1936318479690255,-0.1524752848453731,1.675431187648147,2.717668345858547,0.9274792783599667,0.11056352008389077,133.85652348358119
0.16722459181908195,-0.12147014629319618,-0.16182547923431562,-0.12812125726714516,1.400732770739142,2.4776473112586013,1.4504321309342587,0.08323262612561291,146.05605168691497
0.18987455125160072,-0.08719427062284085,-0.25498503520530313,-0.15884828364754464,2.204449084245711,2.3584022537218545,0.37520157089362094,0.12423160312609906,147.27670751716545
0.23469859933502707,-0.17114607739538693,-0.25005649272329517,-0.1800012207583335,2.0197169382787155,2.543728505666176,1.9353559823246138,0.12291649617847289,130.07454339422122
0.15663338119019046,-0.06873065572985441,-0.18442622996768918,-0.13382331443359188,1.5388557966895275,2.309029002940048,0.46273272704697077,0.09086670201981736,143.08080804495683
0.22742012784169252,-0.1487099618074782,-0.22942487240001327,-0.17156543260523263,1.9667933452146866,2.5926578265380975,1.6364499257361134,0.11957106520511623,132.0053408169123
0.21482601498864007,-0.17162561818373415,-0.19473646231059136,-0.15374603882543253,1.6829132654110275,2.6199757468235134,1.6972978886568035,0.11974870449771413,150.34179932118212
0.24838979222896332,-0.15637617952617838,-0.26387342506836464,-0.20477943439251045,2.216331654419266,2.235804942907625,1.0364975548463462,0.14651630774548652,134.56681409446523
0.20547443803453946,-0.10382559243203626,-0.2595057810760357,-0.15337227710745005,2.161675119849664,2.6342382865120535,0.7183933082734378,0.11292166761622688,139.23729174448135
0.22641426108710808,-0.19710135572803106,-0.3772480780601021,-0.1894600009772079,2.9693756278036947,2.3197654853803553,2.2873155868727926,0.12358067653358326,144.308689293181
0.20644627653041317,-0.15282361462492464,-0.3121350676673288,-0.1668417294302261,2.4498101060728574,2.3343373148017754,1.6583464242100603,0.11949861300183447,137.49699820824128
0.2083416052543575,-0.09481270434417577,-0.2280607834078368,-0.1736982675240615,1.8904353101453617,2.4205061539359147,0.7160220542630198,0.13235384460040311,138.7920721431996
0.21241046826101895,-0.12452771501521957,-0.30552687824633307,-0.1585034800999473,2.3690586041567476,2.686702147698757,0.9941000777229643,0.11367856202530721,133.3484105016871
0.19496788619346686,-0.10158835397161683,-0.27602075754294,-0.16263745494138454,2.3677799806948645,2.30373072024919,0.725322524796097,0.11144357687461356,134.83371851640027
0.19476938102657673,-0.07473174754651761,-0.1751308607414938,-0.14858652833051036,1.647054537163159,2.537672530074085,-0.09855339250548911,0.11378836738919344,
0.16602495624250166,-0.059639046528071685,-0.25841191716179623,-0.12557306836619608,2.001946949822204,2.880579831861322,0.2919460168291955,0.0936760393324568,150.98278069272357
0.2418508696247505,-0.18613913200008173,-0.3493816231560226,-0.20249894238543276,2.7320513339987222,2.19033145251475,1.9525962830713302,0.14519908498405742,142.29562917848824
0.21233457712229079,-0.10059426860943486,-0.3090593984500577,-0.16151484160496632,2.308109716332658,2.6483599316643702,0.632818273715334,0.1154445121470841,133.84943359389985
0.25301425768660574,-0.17281370531421547,-0.3241312498246917,-0.20205824682654316,2.4710987211951787,2.270865634406693,1.8398417788370092,0.1396683901007563,138.9949419522738
0.1797762187949217,-0.1103338286653546,-0.23304245243710542,-0.16211591779311998,1.8026919452198078,1.8378353484449177,0.7980627132745883,0.11030771150251051,138.39555224322797
0.21499964760822032,-0.1368568128160627,-0.2031560326040016,-0.16554859268076008,1.8795218429026366,2.5688451047878913,1.453305195934347,0.10412836604815381,133.86414052044415
0.22271891839320085,-0.1822238783495759,-0.298160097223322,-0.17096643278536544,2.370378999266281,2.3817830403716123,2.04340436620036,0.11503658896689353,138.5186307591091
0.19157475748268776,-0.13074464013752563,-0.305219047686145,-0.16748785046539397,2.4177784235779987,2.231019066336526,1.5290265378568835,0.12202394102734206,140.23461888342467
0.20794178520487505,-0.16047255247171668,-0.25088949448910497,-0.1692976360090554,1.9449808381315608,2.326256197303739,1.850009948253494,0.12052838034219698,132.8806188661306
0.18987285980533128,-0.11358432532365406,-0.24759628343716328,-0.18533947109618182,2.1601216696882832,1.6844786025849148,0.8958685442951251,0.13410198423914985,146.2505609962455
0.16788882048237783,-0.10788175051687124,-0.21786223109920325,-0.1474556862235953,1.8785787891874433,2.0864101318305543,0.8193385102889975,0.10477853115096535,137.00087604564476
0.21869897113983866,-0.07561752185835327,-0.22318512136213847,-0.1731654909969665,1.9094987215794517,2.5304465234625275,0.5890489841681755,0.12164896426867386,142.4817980696076
0.19432156452861155,-0.10717752802767595,-0.23967853510824058,-0.17516201740867893,2.0894182290080496,2.005864892420056,0.3470253634311653,0.1349808845678409,144.5769713304216
0.18573691552546773,-0.09019793504146402,-0.2234760696406283,-0.13010781450757228,1.940515761792219,2.9427760998542873,0.733958555735501,0.09307836053898308,142.78228137444597
0.17784325301726214,-0.08917451215038454,-0.2463472258634433,-0.1618498880256218,1.9007130059722066,2.0208990357883088,0.4828565495441116,0.12079786400248972,139.0200638796064
0.22079559540869975,-0.12932524923520128,-0.19582353072863729,-0.16594506123608307,1.6825370195469662,2.5746138457491927,1.1384998645993158,0.12126715492399354,134.04983674609872
0.18811650225861662,-0.10790711262729458,-0.19928065459981792,-0.15534447139859572,1.8017109530257425,2.1861046168007285,0.7048287016545145,0.10942947841853236,137.54484465721583
0.1876574157146197,-0.13441478732469112,-0.15709210143095212,-0.12087579018414055,1.5078457929279674,2.99552163722709,1.7755916193773915,0.08807884703703785,172.14158818532343
0.24686623355850007,-0.1547266627615172,-0.182472158253825,-0.18529807434410803,1.8060057180711226,2.586511637150508,1.641501778203995,0.13889128480745483,148.32361952170913
0.2207237035621958,-0.13605783218465983,-0.2886870530948565,-0.16742054285297586,2.3671575565043743,2.523796771365557,1.3033361171868978,0.11867228625310332,135.99849041014264
0.2247006322309294,-0.14580709566118802,-0.29567111939917506,-0.17939648334546643,2.4586189780677863,2.3021731121818707,1.1623656488164769,0.11521462032155354,132.04774583634406
0.1980481651623791,-0.1197248994067969,-0.20449283297436202,-0.14407919125276983,1.782580374123778,2.809672940664167,0.9999716096635465,0.1007854611634241,133.15123743602794
0.23968239882562636,-0.12106292290119461,-0.3066730827918612,-0.16651530696806122,2.4224563797202117,3.078820276594158,1.1568240820333793,0.12114172048248575,136.88852400330128
0.20369977151173227,-0.12846573533886121,-0.2282738995132586,-0.16076348970999868,1.7574902142849078,2.3898063109547345,1.2174450085463675,0.1054592746468319,131.3363301622684
0.17941284601997223,-0.06841489624759635,-0.11979965984014984,-0.12828897974045142,1.3628447341507028,2.8210265360844193,0.30176794868647916,0.09133244300095704,170.77656126218875
0.21228090034648273,-0.16380301199362157,-0.29374346929773343,-0.17336117712201332,2.3194768049042698,2.2706839078548886,1.558734846692296,0.12112842457641247,131.65565884300258
0.21769027556801276,-0.15715886444004964,-0.30997637245429627,-0.18622505194401223,2.4293609600902686,2.0465625746095517,1.5417888079687152,0.13755703154859622,143.6609049085726
0.21346807002462606,-0.1147403096483839,-0.2580521645161914,-0.1638121870069007,2.1988788699871233,2.625894123086847,0.7670733424747121,0.12554212102466478,140.3267895555021
0.19883095888352778,-0.08496685039216456,-0.29047635449468234,-0.17380613591620148,2.2981112584498233,2.073477066695202,0.026140325914766782,0.12683594191738254,142.83132828452403
0.21587611390365216,-0.09562258247577851,-0.2939323837791683,-0.1690569292704411,2.290383867940408,2.5232030780942774,1.1187480131854957,0.1193991264396381,142.10515759153267
0.19494131059184336,-0.08729637768688991,-0.2740868615847901,-0.15644929060975601,2.2578219510139097,2.488770064581997,0.7307370657172618,0.10828533710453075,136.48613569538264
0.14105399598377066,-0.046728698604522445,-0.2768920222526878,-0.13451703948904403,2.2007832057990546,2.1241037357902086,0.1253294453352447,0.09812060018742279,164.70595391364753
0.20778832326543864,-0.12823315463486337,-0.26626411411485534,-0.16314504882032815,2.228939168731351,2.446405327048146,0.8768458688006333,0.11693713322861231,133.7548657337879
0.21505023086612715,-0.14255375468913348,-0.18773570944465334,-0.1518630772691785,1.8688931351640556,3.008386747189541,1.6920655706138397,0.10486632471014357,142.79896550816156
0.19730961296419008,-0.0947850330721977,-0.23401546240002588,-0.17238060714265063,2.1709917824385796,2.103772250137238,0.1897909204907502,0.11715843011048918,137.44517360454557
0.24168723831311997,-0.1410286345558795,-0.24811770197424846,-0.17157753962058417,2.213898630657263,2.793049593472964,1.3763953262718844,0.12165157915430432,137.5232318557514
0.17487208009751504,-0.06143764378506049,-0.18818274710378258,-0.13626035282028912,1.8836607133276395,2.5814600974533146,0.13829031270972503,0.09207346445485819,152.2681731042212
0.19740180223715664,-0.14738131754293463,-0.2486170320155756,-0.16071626018652876,2.1098513504835843,2.322510396819154,1.7048847624502623,0.10903762972264816,134.66869294405592
0.20949425366080227,-0.08518000776452533,-0.19084398364591137,-0.1507969908836274,1.935642248242416,2.7786462535106247,0.3586147028594575,0.10178923313161722,143.56492877899925
0.22427326723993407,-0.1519823984016419,-0.24608701048539117,-0.16912633605424646,2.1169682501180715,2.6355570289230563,1.6099579074052368,0.11664244141611721,130.92010136937682
0.24167265400617427,-0.1937637473228571,-0.282175378990725,-0.19137250095994077,2.27090896022446,2.349954939248911,2.0789538275776254,0.13828926750809184,137.26932294623634
0.15212840554608217,-0.07559644643705615,-0.09078561669163512,-0.12016458386863718,1.024898735325492,2.469886256681154,0.5664194598593382,0.08968972432851205,189.72813710382417
0.232963085879697,-0.143536486822948,-0.17953351483118624,-0.17370554092092924,1.5931024401797265,2.5647634186551427,1.184918411825499,0.1251000190983864,134.26188412905628
0.18701379081947322,-0.10861338329889009,-0.14712046908023507,-0.1573153009747671,1.4444574852533816,2.2977351654745855,0.6165965078979642,0.11100124875495762,138.18257185209973
0.2575545707854361,-0.13806222141315005,-0.2241920158623866,-0.17892849422461582,2.0507748438051068,2.964061131444333,0.853883469472845,0.13150573409463487,142.58298888650057
0.20560492789667825,-0.10252618653022919,-0.1454463862589102,-0.16401087523544494,1.6178092659604086,2.288720650035663,0.3618774188671269,0.11503989730664027,151.00607285530543
0.2003722879010568,-0.09192994151683881,-0.2693794570939912,-0.15939230770132556,2.4560110227819805,2.6325478020577173,0.31291451290276817,0.10730940065588633,139.00766951477135
0.19311955596207814,-0.07072305703094198,-0.2848566894946055,-0.14418045698261667,2.205428978464921,2.813925657807791,0.6553600821954289,0.1039279362005049,146.0586682267828
0.19460267938576573,-0.14091162707540017,-0.20614710502051836,-0.14458562025707927,1.7728791256726955,2.5585427920841983,1.5202577193777547,0.10312721912475133,140.08934574233808
0.20890931948455407,-0.12436980888345323,-0.29775841387942603,-0.1791139652532056,2.357336018748275,2.1243225166987925,0.9313459388823879,0.12309262854995581,130.92950144032787
0.2040730616578926,-0.12488179340913144,-0.15635496614838576,-0.17986863662348482,1.6953030036763543,1.9215028455587233,1.0120400567775192,0.12874269708763958,156.8950186116885
0.1954453379242989,-0.1282552389783224,-0.24156767744854035,-0.17721673505330077,2.0966749495740946,1.8599862253607964,0.9709039515406335,0.12305200515120193,137.08452128425535
0.22314925081721734,-0.12181151074971082,-0.2380513735891015,-0.18114094332310737,1.892219959841263,2.3687816481750064,0.8898004258933382,0.12620959707239907,129.39392652448154
0.19302057804592457,-0.0888344347505487,-0.17297758693950865,-0.17375196780778251,1.6885600627621216,2.010716209659154,0.5658946526827705,0.11566608185055846,142.61056582784062
0.22854625530130368,-0.12938500981759368,-0.18653928127298897,-0.1772265690168312,1.9146857612523587,2.4124984624206727,1.048626698542936,0.12641116628836596,145.267657519451
0.207857275669877,-0.10094365474415999,-0.1655285061083706,-0.16631240747991843,1.5543435329180095,2.407170399320589,0.4911518179475294,0.11459036783597072,133.53963102925042
0.2043918581750131,-0.10528679611975172,-0.3057581538595869,-0.16471485769987804,2.422896386676965,2.2598056140103973,0.7598964649182602,0.11796391255173477,143.48267664294343
0.21036152885715376,-0.14351168917631907,-0.17105371423557753,-0.17946916981626432,1.6509611338694465,1.9774505746376503,0.87508824360282,0.13733413693336294,150.83568249635988
0.21491284638407313,-0.13875379867522616,-0.18332184860653228,-0.16449060907430188,1.210560281629804,2.5973763192671604,1.5552368673634138,0.13179648541891767,155.6316966260153
0.22416730406780366,-0.12200672169395115,-0.2622020093496771,-0.1729028941811186,1.993732042999291,2.6089507191349415,1.0135259862931152,0.12170875314680743,130.43118509768857
0.24166517512309654,-0.10831215171305913,-0.20232554482636309,-0.19210483408520473,1.7931827321538918,2.6053086808471924,0.9281189249579975,0.13991622240044757,139.12338670663829
0.2293852029582533,-0.10908638492019189,-0.30779020834274406,-0.15636831728744732,2.493960983944065,3.170714747921344,1.2497833587095875,0.10927500791551428,138.90831723307355
0.22132479842364167,-0.11881702910690885,-0.2578516260860462,-0.16982784372006615,2.256813434938109,2.592361398288573,0.8893837057636842,0.12081333212568568,133.46353634854506
0.22317331675866606,-0.1732442991163008,-0.23142932505913574,-0.18278553966615765,2.0042160948519525,2.3746524140736547,1.7689682248037908,0.13300087449492407,134.13877625570427
0.23438119465608204,-0.20124636865538428,-0.24561166323354414,-0.16896534132608423,1.9453827766021412,2.720018374211792,2.6815006415321485,0.1140966893616242,136.32324205974777
0.2205516813064326,-0.13840015274535328,-0.22355028720002496,-0.1709555198845483,1.6815076991386553,2.5180914891048545,1.3422145623895445,0.1326777069535404,139.63163055809486
0.20053755726363953,-0.16624109945991034,-0.15795572779692665,-0.1755631559637145,1.514438580393067,1.8824501784244858,1.6962176710964547,0.12204906331952552,149.91630751760684
0.21016730468057637,-0.11923245090704787,-0.11832222805002393,-0.16648317507119972,1.5599707683392627,2.5295148603381863,1.128295378205083,0.11525059542805091,167.12744409128618
0.23698132972195413,-0.18953847648768968,-0.2699230272803365,-0.18896649590478076,2.2379711340896207,2.3709568804645538,2.1537579003914797,0.1323762784989218,135.34285038057402
0.19629196239089047,-0.16382094234488692,-0.2303280190601766,-0.16312211615105712,1.9289902939203631,2.1198457388077743,1.7088180426776285,0.1253838656518064,148.63356015308847
0.18643985456430381,-0.1149533540696157,-0.3596246073410239,-0.15776247072982827,2.6325748136215044,2.15344911944367,1.0417983445293562,0.11183433349417696,142.02297794184068
0.25484766855350716,-0.15821741890199206,-0.28327598883689553,-0.18952352784853665,2.3718773841483483,2.689327995679048,1.4666453098828482,0.1366720065710485,134.96857666288483
0.20906810683739363,-0.13758962643636993,-0.24594430337982087,-0.16746755545648323,2.11145943479973,2.1935719018663464,0.7550220222190096,0.11144533738667001,138.18288974599906
0.2101278570367585,-0.13864869784066294,-0.17546612020044322,-0.16016375828367801,1.7019947082432563,2.453095053402667,1.5831151544984994,0.11615093531972745,149.38049468163854
0.2344321525027876,-0.13748925261774836,-0.26027124833106247,-0.1758473430247357,2.2316033713100163,2.5536573385049697,1.1620487301174396,0.12840372616515505,137.76373564201128
0.20315468529150835,-0.12442826952708921,-0.18761101024512428,-0.16858051945486366,1.7998050296295107,2.3082859432894356,0.944627841293236,0.12659255311685158,139.8648412851363
0.1752172756084275,-0.10605928950417828,-0.20731971343710132,-0.14417080772203736,1.6772341041971035,2.3883783595562664,0.7692285882252272,0.09936159332729244,132.6361050001497
0.1661358791381221,-0.0679052181926017,-0.2506388870174321,-0.14350080263079368,2.1777090159148003,2.3117637427522792,0.08996961832471562,0.09687346227976804,139.78004218654695
0.1823938243335888,-0.10206150362272001,-0.24239965380490616,-0.12006859528465354,1.9477040405749766,2.9940086633401646,1.0128453903529877,0.08165785995577599,150.83875562657857
0.2151467495492379,-0.12572817351578716,-0.2547881968282369,-0.16248442633564786,2.0491443861645537,2.7602556583711158,1.105999861582304,0.11417723664339133,130.30288439598178
0.22555211235922373,-0.14160341112161987,-0.24245820523485095,-0.16984937179454987,1.9880067257366496,2.608967087779685,1.4564118182681753,0.11660969507455524,129.00833632692326
0.1628956266609462,-0.09449487456792843,-0.14882070370014172,-0.13416584731254216,1.5593131437532208,2.5023965788240026,0.9170953665738609,0.09774687459239725,155.6876387947992
0.2078193594110014,-0.15035373071455044,-0.355395581432459,-0.1778761838343434,2.7617162186567885,2.177649451560273,1.7063871773341714,0.12299398680339894,140.6183493782328
0.22259326006686198,-0.12842547032115878,-0.19316173045214644,-0.1970981723167957,1.8482695123309258,1.8910191526309934,0.7704380945945576,0.1370641429386239,142.02807041576983
0.19540534588703265,-0.14741650040720156,-0.24866294840719813,-0.15740814377876844,1.99210123047566,2.463307167310871,1.651904277200766,0.10981303526178895,131.71188813745817
0.22597308700445118,-0.17646488053810383,-0.277404193605344,-0.1889645121162851,2.1786763360656645,2.0507686844738404,1.4814627145323058,0.13749460738294222,138.84738737447327
0.21314474612212791,-0.1272428347951407,-0.20433840228652658,-0.17157462474421528,1.9366625856647801,2.494947389217211,1.1791314761731817,0.1305140008352053,142.1680027353377
0.186206218796619,-0.12651221092205645,-0.24228492202512023,-0.13905280129166006,2.0306615931479417,2.7992302993355467,1.242544166672636,0.09939282059847895,137.47577500898421
0.2089826161479916,-0.09233939615562665,-0.16368998959479714,-0.18228985163695482,1.8099611868487875,2.0253654198689404,0.019374837717303084,0.1264723301176623,151.84872970528178
0.2509829734824859,-0.1839215485111571,-0.2651857670323952,-0.19574499049666988,2.0842901945689527,2.4107436195517455,1.8832301888260714,0.13809070804688225,132.5555068606145
0.21149495632239268,-0.08416730004890102,-0.2905362959341582,-0.18109607908786782,2.210144160517417,2.1758488087158896,0.17852522006585758,0.13803447625690654,145.80165776659402
0.23548813105312072,-0.16908034114047488,-0.36059661461640174,-0.18409295126008013,2.8944507587895245,2.5549051319794693,1.7629383264037526,0.13426959359293553,143.965607141822
0.19141222964048438,-0.11734990392892643,-0.20626171215238367,-0.15197445401147985,1.8413492937318567,2.541463590205907,0.9450253071409802,0.10610670681508633,132.12803103730562
0.19135216883233433,-0.11841007054269487,-0.20125890675199176,-0.14800346468478132,1.7305185057558683,2.6117802252368056,0.976212700738929,0.11030567021384516,135.83930859815501
0.20675469781625655,-0.12216504459914959,-0.30496217356012223,-0.15565297927426522,2.3441923915993765,2.6259406212346303,1.10316474479644,0.09831266195127339,129.8301522180395
0.20186029419183046,-0.14691849773384524,-0.26378269382271424,-0.16952862395134569,2.170747104823402,2.1913918111840394,1.153397784519972,0.1232473451346649,134.1477591935433
0.21878813776953915,-0.13744735484153364,-0.24320287619869885,-0.14711560728487635,2.0806293084230196,2.8413276928634703,1.4387281584037006,0.0983405723642839,143.85666819656905
0.1960291952154027,-0.10033344643690605,-0.2655971692447286,-0.16542876863886818,2.365241982619155,2.2712159636024287,0.6878047240715938,0.11702242969646272,139.15711436314825
0.2073271508681693,-0.1244522853687147,-0.2624903711292473,-0.16620106108761315,2.193102747390979,2.3334968758544377,1.4607660901757664,0.11079043772195842,137.7372989390906
0.2462589090025119,-0.14577056502846203,-0.32010853553613894,-0.20630963101960367,2.5387621651314225,2.198813206398215,0.9886497040881129,0.15504786488349204,141.62123860287676
0.20264473789870047,-0.12210007716729743,-0.27906532944180973,-0.16025410794411002,2.2652992877903437,2.3432825589329385,0.7147847080683994,0.10945461178089494,133.82098106435092
0.21093539772077124,-0.14309937204687653,-0.2249710920535874,-0.16467592843477533,2.136898420073624,2.2310717444681543,1.1545579174203988,0.10924117659230059,147.4986281245382
0.22322914279126227,-0.1735416110739083,-0.35556495652903763,-0.16658394767404958,2.756603017774717,2.5788245585164717,1.9468371920817917,0.12039021615238929,145.43907302935372
0.21449497680388765,-0.15482814094811656,-0.31492867145809517,-0.19024399745629988,2.4608285653773216,1.8557304892269004,1.4811414113234402,0.13451965232852173,146.1220196284484
0.21134705952118568,-0.128867408235135,-0.15808431033419001,-0.15374977406521964,1.5562396509213898,2.6378587982626107,1.5474347347509239,0.10196466866407597,146.6688280934952
0.20922473258355104,-0.0858903873908293,-0.23698572113612784,-0.14597503849426938,2.202685103032383,2.8576595436077423,0.2729632678085854,0.10406061444764284,148.47494638048857
0.20148604850405305,-0.12741422617876327,-0.24344842337116412,-0.1518246219893014,2.115135740101339,2.6555736931759295,1.0463756650527956,0.09972491846661749,131.05607537446406
0.22766684221088213,-0.09737691183887963,-0.2021807213238738,-0.1661482752360436,1.9105133698816195,2.74729229586958,0.560689835232915,0.12036303056360169,139.9222761371519
0.20938880878828064,-0.12634298818051473,-0.29804404746706475,-0.1717736259583903,2.5306762935856755,2.2510746934340453,1.1194891239283795,0.11178235230334835,136.15503660364362
0.2133901155724717,-0.13293509354324182,-0.3333566075148478,-0.17127708648982143,2.6570151251747083,2.3961981510807586,1.1257292048805736,0.116326869407105,132.50729665340768
0.1943006601639625,-0.12286148591871683,-0.275268081275894,-0.17075280928416475,2.1763385635092596,2.141348170113273,1.0954276664285703,0.12991617102421615,138.53970922758057
0.19971337062286876,-0.1265706148854168,-0.23028110986508327,-0.14340163420447882,1.8522101833560918,2.9265023254379137,1.0457769545241729,0.10682861821398665,138.55929871154413
0.2035550915384665,-0.10518650776562222,-0.2103182202262518,-0.16860311418300708,1.8673653503259504,2.3840148205192904,0.8787109730380833,0.11070926253620629,131.4659603418377
0.22141339018777081,-0.15535887583761515,-0.24815994372034408,-0.18170705081450209,2.0420463148410586,2.232256255492439,1.5456463513178549,0.12502231310684064,130.82482445695643
0.16619530508184366,-0.09898782136333413,-0.2702502890491809,-0.14395419537589543,2.1863257833243765,2.091048579122801,0.46997797052319235,0.09731696855871806,137.41241964779678
0.2411994496857987,-0.09252713360640502,-0.20207116617897602,-0.17126456155944528,1.8915848954787609,2.993477440012226,0.5094470064366415,0.12076487405667967,138.43479162082048
0.2009010881770806,-0.14872069593675674,-0.19141092180583286,-0.17196788383903489,1.7379934068120118,2.2094310747654715,1.7674992043420745,0.12592867205704064,140.92608621981597
0.18547908427838933,-0.14012985786595672,-0.29550143652055794,-0.13400442041613625,2.2840314912880637,2.7690488062434815,1.6210524700017783,0.08868292542092496,139.34527101515823
0.16617902103833423,-0.13839072851715029,-0.1290545251331247,-0.14628406401239358,1.1915311623695632,2.1139468389623683,1.268649970781932,0.11622257624471587,156.15140155264555
0.19927124812433683,-0.10845888190468347,-0.2628872168475808,-0.16356598139477052,2.0871484731519137,2.3496056443151665,0.7610144863421369,0.11017651808242342,128.32683514287618
0.21298508527998633,-0.1498108834289198,-0.2636995795579542,-0.18508381724249226,2.3445408732917494,2.1008303212086306,1.2397315963084727,0.13323950033997828,138.26650984138638
0.21389070715708208,-0.14234525299814368,-0.2832843273649707,-0.15553729105035308,2.3445915807676547,2.777921050655537,1.4201248395364343,0.11265441129022816,137.274955462212
0.20669871838968576,-0.1229143345709644,-0.2868228832602645,-0.157673194439801,2.0426645851571026,2.536011247135515,0.9165617890638966,0.11052281628686286,135.50507587781442
0.2271790592245784,-0.13775898433701306,-0.23954677518164263,-0.174222725133424,2.152771754648176,2.539850617511854,1.0859419377723785,0.12517746079584882,134.45187876989502
0.21552367637114603,-0.1390209039320164,-0.3233371124866655,-0.14838857583019316,2.549899250766149,2.9750340466229246,1.8041625715017362,0.09746726869486222,138.57873964635561
0.17748614405764943,-0.13868064358484555,-0.16904406474045938,-0.164280840665982,1.4158379134295656,1.8379607834481375,1.278754146473774,0.12749893400547233,145.45383513833602
0.1821942521044693,-0.10077564837843214,-0.21321987883169116,-0.12829705411314188,1.9647077803765052,2.7255628343722256,0.898329225494267,0.08062916357316816,148.81006796342962
0.18063254165022882,-0.04246602517053241,-0.15490329225578603,-0.14306347104538816,1.4951501148364503,2.4632166419713966,0.13302739334303793,0.09873324096788239,180.4330792978045
0.18377304787658796,-0.09605353862021455,-0.230793756088016,-0.14450508235331166,1.6948294149039678,2.496296571055159,0.565670595944842,0.10521121002074318,139.07736168295364
0.21276573976962823,-0.10308820148517382,-0.3001325379728254,-0.15526982267909265,2.260522330049126,2.7551923878475884,1.0476064281765376,0.11127991497446775,138.47645594533665
0.2083776329024034,-0.1557757914630775,-0.2640651152915149,-0.1808388728921463,2.379779808710792,2.0067761687942705,1.4126927033275822,0.13533581726385557,151.5899212464576
0.16650794053115428,-0.08105611669466686,-0.17592957366818535,-0.13598717979719738,1.5975149657779357,2.4632618082827378,0.5106188202324113,0.1026052023922893,145.1336246473504
0.16896756072494792,-0.08412814109979391,-0.2147539564009063,-0.13407294833260341,2.079921861013955,2.4333834976173914,0.3280082513113426,0.08393429793732038,143.8238320768644
0.17797519146042917,-0.10768790189778159,-0.19433729510027825,-0.1397543715576766,1.9548119634830192,2.493124204026987,0.8298046933277201,0.0946167943023569,143.81337428150687
0.2145517141016051,-0.15233677225193742,-0.27650189034074235,-0.16809891113370637,2.271427577696455,2.3857650637769243,1.1285430182321081,0.11010524444222795,131.5532276970785
0.2310797933272061,-0.11040652366413421,-0.4031070578016941,-0.18920313798846747,2.9145577373556115,2.447284907618811,1.010773384873386,0.14319589671757607,146.82632909699458
0.22812250096264253,-0.1283500591644697,-0.17760625463604945,-0.16747394766054277,1.5670356351849644,2.6975643672108904,1.3426114856333187,0.12357205804073315,138.13806008133486
0.19162438719785532,-0.10139699249608111,-0.3523715044880853,-0.16276031983104566,2.5372454743749557,2.343963227827875,1.0611621256188686,0.12204972389624115,143.56541461200658
0.21871524535020184,-0.16171580382843484,-0.32487082889097685,-0.18055896947731487,2.352343646583996,2.261494693520558,1.7925348595502035,0.12657148423307116,133.0650032027251
0.2337999092808839,-0.13119278808558557,-0.442666817214184,-0.17293861333268576,3.195948315671325,2.788699931093558,1.2435910729451218,0.11788351922025556,138.44240545213842
0.202381230200405,-0.17242452505882638,-0.33326412777605424,-0.1624117053956788,2.533827680296192,2.282083151667377,2.0257401366943464,0.1084007487916561,139.70881228183472
0.18422600544749979,-0.08882314186081428,-0.19779940438237884,-0.1476703177960032,1.678972791749786,2.5202105317370984,0.4880668376291698,0.10092363952780083,131.6597541564308
0.22022975538533474,-0.18862606763512632,-0.32181532695861254,-0.17881261114844424,2.595129309627949,2.166110039126529,1.872222412231932,0.12429047902591324,143.72706380984113
0.19714062142634922,-0.11307334107697103,-0.3010063020145803,-0.14274794085691775,2.2202766006157626,2.7317500287219123,1.11411698309937,0.0956165407439146,135.35325721893543
0.2083794071124491,-0.09503042412788645,-0.2648814955492716,-0.1878575015751539,2.3041302952262974,1.9305813550574715,0.578367199372849,0.12917591191375988,144.00533192196076
0.19831461609508802,-0.12974795865344504,-0.2173670332010939,-0.1547046462822621,2.0254880793354824,2.4089872862647983,1.0823108567765312,0.09898843705137159,135.43829761902944
0.18628568504686144,-0.1147389970583802,-0.2551939597512121,-0.15272109861765135,1.9167213161895733,2.274888619754599,1.3119251454661163,0.10800740270610981,138.6204483321381
0.20211009766408675,-0.13115475277005922,-0.27428346375317764,-0.15931642699444254,2.0612835783890358,2.456428274109806,1.1706753040597817,0.10969553073116732,129.82698788474056
0.22308854931595656,-0.20313686128792197,-0.35789875456626996,-0.19618383283011287,2.627600864896597,1.8480072082023136,2.489806736935793,0.13630741478998126,160.5144886165458
0.23570393167277792,-0.1519218803364692,-0.33991973423175764,-0.17955049043344973,2.5215694568086064,2.5714770962059457,1.3737612430527018,0.12534513996399566,130.27988580634067
0.2017824050201288,-0.14772708074981344,-0.2730703373745457,-0.16928698629376437,2.185667725315289,2.1456563994299738,1.425946977379477,0.11893030644013058,133.90888481254115
0.21729424024023872,-0.10139475152498957,-0.3505707805375594,-0.1548316600308313,2.829960611552571,2.9935126944472525,0.9150133114237567,0.10292724577566699,139.525878866602
0.23391334859097127,-0.12800731472068486,-0.2731261139980259,-0.17009950007970226,2.181129765237778,2.785393538667634,1.1050820349626913,0.1234771303790331,132.85854000606656
0.20572317774677454,-0.1074151431567614,-0.20833783585520982,-0.16623081398554904,1.949683938807819,2.366054203460373,0.31426560010083116,0.1283876644667179,147.25015518158892
0.23092866774107482,-0.1391235200981427,-0.33538104673421093,-0.1598556879512796,2.699713550594318,2.8546737489696,1.3318550999398537,0.10464594202231123,137.8592778869141
0.2190055980205646,-0.12483893687655008,-0.31075640524436776,-0.17218598785096223,2.4084446753319493,2.4670366067872,0.9980344591968457,0.12095492938883855,130.65268035765385
0.2200199384558428,-0.13439812422891712,-0.1819839989096391,-0.1788225397369324,1.9187685412286597,2.2986732941663504,0.9420809682575341,0.12517275725115318,141.6911017619667
0.18614366873825122,-0.09338994093125647,-0.251203484724067,-0.15937530190641583,2.0579501340662345,2.3678008894956255,1.1639321670066085,0.10787238177955938,139.1665202919511
0.17226514546006044,-0.10452529702458713,-0.2487563843374526,-0.12765906458138404,2.1177339754843927,2.6434603270519834,0.9704131784988589,0.08924798456625274,146.30646755407668
0.18889751204880834,-0.13248967421255817,-0.2115813991421629,-0.15366227801184865,1.7995491436200624,2.2410072415284104,1.154008840529009,0.10093333861745853,132.49591298091943
0.205797218051569,-0.14232467132231313,-0.311167415650354,-0.18955839358201296,2.3369871579693573,1.8957520291520762,1.1936267448139233,0.13514886740993745,134.26286306570145
0.18229960470766376,-0.06208853268759268,-0.2487355759193478,-0.13405882903561697,2.0112619274663333,2.8043386926476503,0.3643849982839502,0.09436671262510786,148.486577241893
0.2060637738688393,-0.1393621220254208,-0.20961937045081536,-0.15167421534775505,1.8332612899236205,2.665206518276001,1.4587040506711033,0.11025273654141435,137.2902019880854
0.21431298793501938,-0.10157299741405316,-0.27833235198512457,-0.1665699455852743,2.3869866168486142,2.551127226358704,0.4379133750851417,0.12020402542517795,137.63142547994903
0.15488753125165777,-0.08427405647137895,-0.24384646169270147,-0.10893692513868554,1.944451078430036,2.8504882744706856,0.8605493608201341,0.07301012068665377,155.09840937602553
0.1901528989960496,-0.10326837488224212,-0.2893712612817806,-0.16554666417194333,2.417507066253847,2.2753552001653032,1.0233512991715794,0.11496803551913588,138.3573698454116
0.16460645587025602,-0.08869173408614223,-0.27841519182371366,-0.13692911192443746,2.406229603169348,2.4594955660954723,0.577864010052431,0.11006519468218136,162.2989508787706
0.1967122134943567,-0.11142929996680628,-0.2441107632981455,-0.1768024692395655,2.1033398838073065,2.0129614755366254,0.6549583857668079,0.12973624363703698,136.44051911798027
0.21924671043911262,-0.15854288426432417,-0.2767366024370748,-0.18096040834559401,2.2467019810005273,2.281320098573328,1.5723197726318672,0.12171430420341055,129.20928446361305
0.2160743953115701,-0.14912492105155858,-0.21915705066361577,-0.16154722152628215,2.0065387453660914,2.552177759009694,1.3280411022930156,0.12277149573163738,145.40759446209276
0.20949523818203294,-0.11348613641571198,-0.2599197175609627,-0.1798336421282462,2.1380578423978074,2.0822516195337144,0.5663467613654133,0.1151891551013289,132.35938295210127
0.2469805184790373,-0.1708296718387592,-0.33979531789264455,-0.19578038354575103,2.692659044860918,2.2325199420959763,1.2785960583877416,0.13474148672344277,139.6631929426348
0.2104741513886256,-0.12679121539504296,-0.32537617745659764,-0.15840936338604225,2.583355071831538,2.516141697539942,1.1895696279638914,0.10817240035370593,139.41943057574116
0.19254890246215497,-0.14156290104926886,-0.2898525885102848,-0.15143817201192492,2.2253645462428255,2.489552498895704,1.289330339789301,0.11133214919071685,136.90631365956008
0.21783782432780072,-0.16239958067975122,-0.2555473581507952,-0.17428633260789564,2.0116286448396035,2.421531280734066,1.7051099798146687,0.13127383213749466,135.27961757622938
0.20709370994038637,-0.16240750034588605,-0.16600505083311537,-0.1740665090763593,1.545531233742655,2.0799474296014635,1.2892811523758865,0.11892064195238239,136.87904144925426
0.19971037860494026,-0.06915365658119903,-0.22872825976306002,-0.1401876736363353,1.9012546450704244,3.016504102282033,0.5884327115856114,0.09797524473940117,143.90111270544816
0.2188945345956011,-0.11154976298267194,-0.36697360856756994,-0.17108924602049272,2.7671630691246976,2.4888121662979223,1.1680995010522301,0.11938361549623064,141.30019994441471
0.24832866697982184,-0.1661352088026291,-0.2318440091101091,-0.18977466886148903,1.9154169808424697,2.459687732398249,1.2125162420015014,0.1377496029556416,134.73789356864117
0.16060723942865548,-0.0814109256613848,-0.24118025353062458,-0.13356726395280766,1.9910891294730453,2.364815989446499,0.397711072977297,0.08819693274346252,136.20890741174173
0.24222283934031574,-0.10593657449196389,-0.23348466423413589,-0.19016589945637227,2.0552431442474983,2.4820138757269308,0.5072654112973102,0.13807083555150143,137.57105100957236
0.21182489965561285,-0.13334542259083262,-0.30814011640114014,-0.18586089788119758,2.3998406754086306,2.0918782455444083,1.4500618628475288,0.132023879508297,137.73685626663968
0.2342079252335623,-0.18307063448051353,-0.33426038666721813,-0.17853941677515373,2.6904969425640206,2.5646750612010334,1.9638807157447256,0.1329074142382481,144.77097514228095
0.19241520211685068,-0.16824685749967985,-0.25672520718495145,-0.16253560635929032,2.120158705129396,2.1234209419653434,1.5878327547666082,0.11300307407651027,135.89827250274072
0.1837682982084633,-0.1195319848671373,-0.3113325966688436,-0.1674521793570879,2.4075941155042853,1.9167708514365565,0.9639814736126864,0.10656686405657587,135.15907533899292
0.20842829901604143,-0.1138378323329715,-0.2350349728739766,-0.17472199803141103,2.1835727847994564,2.3049415899266794,0.7553492517361438,0.122140318965399,134.52076066082248
0.2461449413246038,-0.13618848245943566,-0.1715161937705949,-0.17278547460771404,1.7028966640404808,2.9206276998855816,1.3252543929017766,0.11707730815176885,137.97571206423657
0.20225433060386608,-0.10662321903189367,-0.21823632530511555,-0.173611279627235,1.810637103342945,2.0142690770729126,0.2683176202921074,0.13392350799384553,148.50413806174436
0.23743545575566102,-0.2011648789360398,-0.26274289598243306,-0.1880459973814043,2.1393847934429955,2.519267860892461,2.6320596854346423,0.13526741653255533,139.1538363781732
0.21582562643904032,-0.13249492538395602,-0.3025970488514081,-0.1718957044120002,2.4755518271403263,2.332040737228735,1.1868378157382575,0.11514491769458032,133.90924683052617
0.19610491004490432,-0.15853794138028754,-0.30662236824577166,-0.19062860504198792,2.4928445805992365,1.6316187823849533,1.4842015482514923,0.13063010866982833,145.59932716845196
0.20624736314199044,-0.1466243081671964,-0.20577701661213083,-0.16259694327177954,1.8631912510208595,2.456770707373528,1.4292617464473787,0.12528545394132506,142.63610210967278
0.1963716612764066,-0.07018154067646071,-0.32123470043065006,-0.14741802554317335,2.686808884354462,2.681242962752762,-0.2629667229256558,0.10632183104152214,
0.1930211110053879,-0.04837933527210363,-0.2156548696548714,-0.14253763904106811,1.985286453760568,2.8021809417993726,-0.10693226064253114,0.10099351251953964,
0.1945018170531278,-0.11389924297994607,-0.1939943337829275,-0.16319642205846327,1.825196518701345,2.270129687703714,1.4293948599572497,0.12048014837973914,149.87739145520024
0.19002109688432248,-0.11745893497055061,-0.27171411804088424,-0.16136111825870597,2.309914735813188,2.1892175293562257,1.0876909142452789,0.11601377093040248,140.17974653687452
0.22509865855127398,-0.11724273579594337,-0.2697924789374666,-0.15478565743273603,2.0781085752380073,2.9515831599667797,0.9193545271313284,0.11389487764507077,137.85699559514316
0.20579802685990936,-0.13189003269705343,-0.2987977906282719,-0.16186752982685637,2.2825202859038622,2.511788764642577,1.5177498692874707,0.12095056063420276,139.05027952809849
0.21987455641831538,-0.1319179183382009,-0.20920021383878118,-0.16511685900068196,2.025038511064394,2.6569257088528677,0.9214479906581856,0.11690829086582738,137.13786464580613
0.17907865576154733,-0.09870112595126297,-0.27058621760623713,-0.1493219014536635,2.238157433453593,2.4354215631757525,0.5183445833014305,0.11441097693008885,142.9757611941153
0.17343093404032825,-0.11075306506982295,-0.2266789262875184,-0.15268318107482184,1.891401990503565,2.1054782580212534,0.9141501023908556,0.10918130029833964,134.7664365021999
0.23813355586436155,-0.1463067557818459,-0.29312050401237283,-0.17481739310351688,2.4773731476524428,2.6607186359409325,1.6514931287874763,0.11990656950820414,138.81626794066744
0.21485108043104914,-0.15500934483826936,-0.3325178656057582,-0.17894174452541284,2.6525341015936688,2.2480164415824695,1.58912538842802,0.12350143291686708,136.12256193035398
0.22733640284364562,-0.12594278444692894,-0.2504569571584035,-0.18856540912849237,1.9432284067375143,2.180442551890389,1.0907645241246124,0.13385263045541107,135.41107317318895
0.19694799672982347,-0.1318352368811121,-0.16174577665732293,-0.1667622774455425,1.4409014013277308,2.1847983301868914,1.339218437935564,0.11831132445657987,136.46573055163287
0.1976935698006294,-0.09508095477436576,-0.21936477566104162,-0.14115083020286662,1.8529285776176767,2.8723873946230767,1.1169361092712047,0.0962083918743683,138.47353653663956
0.1989690350156436,-0.1382712530212718,-0.27933181819239766,-0.1762915584370187,2.261069938256708,1.9474714785703202,1.065937029681121,0.12202782935313665,133.86221133982795
0.23521108359198364,-0.1542453597730694,-0.30502535453508434,-0.18087597372513778,2.576792419310112,2.5567056951652902,1.301951408106444,0.12595069286721272,134.28584876053037
0.20934046140993584,-0.10962289661928071,-0.1766010074068926,-0.16310098542165885,1.675172277241156,2.5623407438750285,0.7341131452595869,0.12446439909821091,140.59115800749078
0.23238495288196978,-0.14370222316246134,-0.29069896060301137,-0.18503930579986544,2.3025538963262036,2.446053175660819,1.030037326831813,0.13525526609375027,133.170045786209
0.2087424263868827,-0.15163994050739169,-0.18769726776308895,-0.1718707040104765,1.5561438612643963,2.1269105469512053,1.2297191914592012,0.12630063358732882,137.29764804357723
0.21997645468080218,-0.17053231254332885,-0.18967185292919492,-0.18327453060642615,1.7799716589618342,2.1726115147167,1.6872576414613567,0.1336047497264822,140.65789831183332
0.20485130654541978,-0.14177942661406012,-0.11249052137798654,-0.15480375858534873,1.307600481662695,2.577806872742922,1.59735323726761,0.1085659792931509,162.68040322123704
0.19150597248066126,-0.1530078094697064,-0.29737006397654764,-0.16399989636628803,2.432494724280281,2.005516289013496,1.3485148826942266,0.10849370301287944,139.58791195071328
0.2355915127227645,-0.15245379067642173,-0.29645635436915596,-0.1805341990920115,2.3442419808312516,2.5943195394083545,1.6263924010026103,0.13305981597642255,135.59381893496362
0.20251197994886594,-0.11268390973696368,-0.2032772488304176,-0.14780428616053776,1.6936158680698497,2.7696463141669354,1.350879299884533,0.10646827345840174,137.60845815462554
0.18679314471063763,-0.13127383500148346,-0.31540451427385713,-0.1456571914550417,2.4462076872100127,2.498403879945338,1.328765965396852,0.09246459572911353,134.52033792827459
0.21909473510865798,-0.14672001985147026,-0.259304774694158,-0.17074771702223843,2.1134351518297976,2.663127861476848,1.8181688471283821,0.12402012157932193,135.44216529178254
0.1903151315330667,-0.13580039902873617,-0.2083621330560656,-0.16799419847824912,1.7831490939917338,2.0335651223656686,1.3534665944403617,0.11731719470863367,133.93789103466744
0.20969472888701546,-0.1353683891463135,-0.24868669239458138,-0.14443205510718107,2.1079736977500056,2.9682691923346263,1.5527467430847424,0.09504402728212462,134.31735973477862
0.21024515666066843,-0.14277878076022066,-0.20854972657781376,-0.16910821972897,1.725323405302677,2.431551808170629,1.5469574918086721,0.12134929626183169,131.647873804186
0.18801689559663146,-0.11118171182060392,-0.2808688615259612,-0.1519086570143845,2.126151898580544,2.404974884281983,0.9504681397847393,0.10870862044346193,133.5270421857819
0.20414313805300907,-0.13168381919935193,-0.2911930680960312,-0.15719938768497796,2.334715614995421,2.490332436230548,1.0271855563932137,0.11625886088419067,139.05744843172903
0.21385850567976097,-0.12690248160648862,-0.33179488072032526,-0.17621797761909588,2.590462580075903,2.3092712013840795,1.1571778559453667,0.12217834939232386,133.22787301911367
0.2080029091879751,-0.15238752612247414,-0.2989701353531908,-0.16571341403589435,2.2849633490697943,2.3068925319074545,1.4128763316741497,0.11246083493207641,131.61452413564638
0.22109761814940998,-0.1741689889870604,-0.1583526664742012,-0.1637038294559815,1.706464582862675,2.6451402923905007,1.7348998605653594,0.11861832232347456,150.70596353530587
0.19058267803207746,-0.09346896737840127,-0.3002442202333885,-0.16600124394565752,2.3153885930965554,2.0905545737580513,0.39856500376023385,0.12856359421501248,147.61543141483332
0.20684928554813067,-0.09969925256872945,-0.2566608915626254,-0.15661660778553818,2.0237944383565667,2.50344651574504,0.8752729325109959,0.1065566615356946,137.93779973028393
0.18863794263223968,-0.12837694970425942,-0.17386839569232732,-0.15307248805442247,1.5160881629127403,2.213032669879941,1.2104921594744882,0.10882827486574437,139.09619241728765
0.22906887093068745,-0.16933122719717272,-0.33757841424292695,-0.17587855942625893,2.7176040976468476,2.510635386779843,1.7830544588677548,0.12369080187996251,139.27690757694842
0.23667323591977904,-0.1541332525689002,-0.24031899414639102,-0.16544329533541144,1.9674072782421381,2.722984439533186,1.458174336427584,0.11017113559106202,134.09782336822593
0.19206418763338076,-0.11178083327492197,-0.30626869433670767,-0.15209327995223254,2.3103789711409677,2.4674022442360783,0.9200413587356895,0.10364107414729133,131.2707443451706
0.21942358836225737,-0.10755400551836358,-0.27543160426350904,-0.16684297529067232,2.232499913237311,2.5331937323258575,0.4706207448540721,0.11478702269855533,133.7909533952954
0.2176823603942234,-0.14846342018685912,-0.3608967510680986,-0.17510467090190723,2.7701387958484416,2.3222300575404047,1.8755704485156102,0.12167484789832755,146.64588394454353
0.2001829943086743,-0.11508418784867837,-0.23491321703834783,-0.1594025938048006,1.9598099151214146,2.5360089495226394,0.9950799034088869,0.1135885209348778,130.45864426497835
0.16819298357549098,-0.1174831204973312,-0.23316723189006425,-0.14525989271348977,1.933952483794481,2.033791769054782,1.261719213161967,0.09286101339848005,141.06246460457038
0.22174761897601097,-0.17084648775539915,-0.26064707897714023,-0.20453966595383283,2.2576161856966364,1.7799525788884443,1.5176263092372915,0.14491762418023715,143.5634708670886
0.19299644040132166,-0.10444086640280709,-0.206143677063685,-0.15736789395410816,1.9024071198749244,2.4385381973266083,0.8104118698199743,0.11249017024701523,134.97130579662883
0.21719087810121465,-0.13855386268567318,-0.2754501157835805,-0.17560443567536876,2.2727381569115828,2.2132776900587077,1.2753783814932318,0.11900317359797906,135.8780742938423
0.23059566919625102,-0.15990148978939314,-0.31076791918258967,-0.17908094621448095,2.390538290370399,2.532476850972549,1.4648119486205466,0.13427179223092445,135.79919069880995
0.22367395939394197,-0.0997481431822985,-0.28447796792915586,-0.17708900139301892,2.3759386318576023,2.550061923988496,0.5638910506576787,0.12743006198346588,135.2065106154816
0.19394818737457095,-0.1448160669085714,-0.1694587528152352,-0.15953978287582077,1.639090700110987,2.2767337913841095,1.6569375306294962,0.12253445868698651,152.47503831394278
0.20738231800240023,-0.1520951114188938,-0.25872874807110907,-0.15996510827420846,2.0585241353425423,2.607955749618474,1.7611681000917445,0.1294423414592599,148.50806427471997
0.1887755902556216,-0.11767685031824,-0.17273138718746844,-0.14828745289372666,1.598326314663273,2.4449943913525582,0.9304552462465766,0.10644092502212718,136.92760652230643
0.19656989465497288,-0.0483899461379135,-0.20510414473698096,-0.17242976118042988,1.662645240594123,2.180320352788013,-0.28054487287191066,0.12063398311091027,
0.18928580526666303,-0.1287897304126901,-0.239968112593962,-0.1397255968154228,2.1540304802914414,2.8114622409351036,1.5088698085849808,0.0896924559004386,138.84291797426334
0.2047920033465016,-0.11222345787803878,-0.30609748113396723,-0.17384511976511813,2.4944562086733004,2.176286920378898,0.7100458841231254,0.12119181282285184,134.66384111702408
0.17001809984055624,-0.08956368956259841,-0.13009337432144802,-0.1527126974368973,1.330475428995783,2.165041186597657,0.6711122556456738,0.11701205494605327,155.91700486879049
0.20578663213320036,-0.1081750485544585,-0.1973906031285706,-0.15804740493529426,1.8950534121610956,2.2281708860386114,0.5585254258033784,0.10868532102893012,158.52145940988646
0.17576807177214424,-0.1228650029592332,-0.21662528177179713,-0.14620785554242655,1.9593239806748328,2.1728458294765076,1.0943172007953088,0.09779012608810883,139.42104481585767
0.20601801602752792,-0.13890401001937508,-0.27335518535078496,-0.16027135180652538,2.220579810430027,2.4397527400395944,1.4915160371554297,0.11391568534236757,136.5207699471511
0.20012632173743888,-0.11979545826951975,-0.22524317553091133,-0.1637417959775782,1.8950639256236903,2.4007197732200796,1.1324552886599133,0.11790051081830503,131.46335086818954
0.2568435113385138,-0.1613070130673547,-0.3069849978597817,-0.18912952287134135,2.547272663627831,2.715145145641777,1.3745469429732589,0.12821059378492566,132.92981775863507
0.20712545350034264,-0.18020818823828028,-0.3104911790056498,-0.1747630565093003,2.5320150715991283,2.319175635560777,1.9933644248080253,0.12942619599336425,143.37589467765147
0.23346501948220033,-0.17865162237783466,-0.30767143478163833,-0.2130021378321705,2.461067209138152,1.5804666782096066,1.4605776718036365,0.14182115809314663,164.15349707036523
